Heat Rates (BTU/(MW*hour)),Vintage1891,Vintage1892,Vintage1893,Vintage1894,Vintage1895,Vintage1896,Vintage1897,Vintage1898,Vintage1899,Vintage1900,Vintage1901,Vintage1902,Vintage1903,Vintage1904,Vintage1905,Vintage1906,Vintage1907,Vintage1908,Vintage1909,Vintage1910,Vintage1911,Vintage1912,Vintage1913,Vintage1914,Vintage1915,Vintage1916,Vintage1917,Vintage1918,Vintage1919,Vintage1920,Vintage1921,Vintage1922,Vintage1923,Vintage1924,Vintage1925,Vintage1926,Vintage1927,Vintage1928,Vintage1929,Vintage1930,Vintage1931,Vintage1932,Vintage1933,Vintage1934,Vintage1935,Vintage1936,Vintage1937,Vintage1938,Vintage1939,Vintage1940,Vintage1941,Vintage1942,Vintage1943,Vintage1944,Vintage1945,Vintage1946,Vintage1947,Vintage1948,Vintage1949,Vintage1950,Vintage1951,Vintage1952,Vintage1953,Vintage1954,Vintage1955,Vintage1956,Vintage1957,Vintage1958,Vintage1959,Vintage1960,Vintage1961,Vintage1962,Vintage1963,Vintage1964,Vintage1965,Vintage1966,Vintage1967,Vintage1968,Vintage1969,Vintage1970,Vintage1971,Vintage1972,Vintage1973,Vintage1974,Vintage1975,Vintage1976,Vintage1977,Vintage1978,Vintage1979,Vintage1980,Vintage1981,Vintage1982,Vintage1983,Vintage1984,Vintage1985,Vintage1986,Vintage1987,Vintage1988,Vintage1989,Vintage1990,Vintage1991,Vintage1992,Vintage1993,Vintage1994,Vintage1995,Vintage1996,Vintage1997,Vintage1998,Vintage1999,Vintage2000,Vintage2001,Vintage2002,Vintage2003,Vintage2004,Vintage2005,Vintage2006,Vintage2007,Vintage2008,Vintage2009,Vintage2010,Vintage2011,Vintage2012,Vintage2013,Vintage2014,Vintage2015,Vintage2016,Vintage2017,Vintage2018,Vintage2019,Vintage2020,Vintage2021,Vintage2022,Vintage2023,Vintage2024,Vintage2025,Vintage2026,Vintage2027,Vintage2028,Vintage2029,Vintage2030,Vintage2031,Vintage2032,Vintage2033,Vintage2034,Vintage2035,Vintage2036,Vintage2037,Vintage2038,Vintage2039,Vintage2040,Vintage2041,Vintage2042,Vintage2043,Vintage2044,Vintage2045,Vintage2046,Vintage2047,Vintage2048,Vintage2049,Vintage2050,Vintage2051,Vintage2052,Vintage2053,Vintage2054,Vintage2055,Vintage2056,Vintage2057,Vintage2058,Vintage2059,Vintage2060,Vintage2061,Vintage2062,Vintage2063,Vintage2064,Vintage2065,Vintage2066,Vintage2067,Vintage2068,Vintage2069,Vintage2070,Vintage2071,Vintage2072,Vintage2073,Vintage2074,Vintage2075,Vintage2076,Vintage2077,Vintage2078,Vintage2079,Vintage2080,Vintage2081,Vintage2082,Vintage2083,Vintage2084,Vintage2085,Vintage2086,Vintage2087,Vintage2088,Vintage2089,Vintage2090,Vintage2091,Vintage2092,Vintage2093,Vintage2094,Vintage2095,Vintage2096,Vintage2097,Vintage2098,Vintage2099,Vintage2100
hard coal,0,0,0,0,0,0,0,0,0,0,0,0,0,0,0,0,0,0,0,0,0,0,0,0,0,0,0,0,0,0,0,0,0,0,0,0,0,0,0,0,0,0,0,0,0,0,0,0,0,0,0,0,0,0,0,0,0,0,0,0,0,0,0,0,0,0,0,0,0,9.51E+06,9.51E+06,9.51E+06,9.51E+06,9.51E+06,9.51E+06,9.51E+06,9.51E+06,9.51E+06,9.51E+06,9.51E+06,9.51E+06,9.51E+06,9.51E+06,9.51E+06,9.51E+06,9.51E+06,9.51E+06,9.51E+06,9.51E+06,9.51E+06,9.51E+06,9.51E+06,9.51E+06,9.51E+06,9.51E+06,9.51E+06,9.51E+06,9.51E+06,9.51E+06,9.51E+06,9.51E+06,9.51E+06,9.51E+06,9.51E+06,9.51E+06,9.51E+06,9.51E+06,9.51E+06,9.51E+06,9.51E+06,9.51E+06,9.51E+06,9.51E+06,9.51E+06,9.51E+06,9.51E+06,9.51E+06,9.51E+06,9.51E+06,9.51E+06,9.51E+06,9.51E+06,9.11E+06,9.82E+06,9.91E+06,1.02E+07,1.05E+07,1.09E+07,1.35E+07,1.24E+07,1.08E+07,9.69E+06,1.13E+07,1.13E+07,1.13E+07,1.13E+07,1.13E+07,1.13E+07,1.13E+07,1.13E+07,1.13E+07,1.13E+07,1.13E+07,1.13E+07,1.13E+07,1.13E+07,1.13E+07,1.13E+07,1.13E+07,1.13E+07,1.13E+07,1.13E+07,1.13E+07,1.13E+07,1.13E+07,1.13E+07,1.13E+07,1.13E+07,1.13E+07,1.13E+07,1.13E+07,1.13E+07,1.13E+07,1.13E+07,1.13E+07,1.13E+07,1.13E+07,1.13E+07,1.13E+07,1.13E+07,1.13E+07,1.13E+07,1.13E+07,1.13E+07,1.13E+07,1.13E+07,1.13E+07,1.13E+07,1.13E+07,1.13E+07,1.13E+07,1.13E+07,1.13E+07,1.13E+07,1.13E+07,1.13E+07,1.13E+07,1.13E+07,1.13E+07,1.13E+07,1.13E+07,1.13E+07,1.13E+07,1.13E+07,1.13E+07,1.13E+07,1.13E+07,1.13E+07,1.13E+07,1.13E+07,1.13E+07,1.13E+07,1.13E+07,1.13E+07,1.13E+07,1.13E+07,1.13E+07,1.13E+07,1.13E+07,1.13E+07
natural gas steam turbine,0,0,0,0,0,0,0,0,0,0,0,0,0,0,0,0,0,0,0,0,0,0,0,0,0,0,0,0,0,0,0,0,0,0,0,0,0,0,0,0,0,0,0,0,0,0,0,0,0,0,0,0,0,0,0,0,0,0,0,0,0,0,0,0,0,0,0,0,0,1.15E+07,1.15E+07,1.15E+07,1.15E+07,1.15E+07,1.15E+07,1.15E+07,1.15E+07,1.15E+07,1.15E+07,1.15E+07,1.15E+07,1.15E+07,1.15E+07,1.15E+07,1.15E+07,1.15E+07,1.15E+07,1.15E+07,1.15E+07,1.15E+07,1.15E+07,1.15E+07,1.15E+07,1.15E+07,1.15E+07,1.15E+07,1.15E+07,1.15E+07,1.15E+07,1.15E+07,1.15E+07,1.15E+07,1.15E+07,1.15E+07,1.15E+07,1.15E+07,1.15E+07,1.15E+07,1.15E+07,1.15E+07,1.15E+07,1.15E+07,1.15E+07,1.15E+07,1.15E+07,1.15E+07,1.15E+07,1.15E+07,1.15E+07,1.15E+07,1.15E+07,1.15E+07,1.15E+07,1.08E+07,9.87E+06,1.24E+07,1.27E+07,1.30E+07,1.21E+07,1.15E+07,1.33E+07,1.57E+07,1.33E+07,1.33E+07,1.33E+07,1.33E+07,1.33E+07,1.33E+07,1.33E+07,1.33E+07,1.33E+07,1.33E+07,1.33E+07,1.33E+07,1.33E+07,1.33E+07,1.33E+07,1.33E+07,1.33E+07,1.33E+07,1.33E+07,1.33E+07,1.33E+07,1.33E+07,1.33E+07,1.33E+07,1.33E+07,1.33E+07,1.33E+07,1.33E+07,1.33E+07,1.33E+07,1.33E+07,1.33E+07,1.33E+07,1.33E+07,1.33E+07,1.33E+07,1.33E+07,1.33E+07,1.33E+07,1.33E+07,1.33E+07,1.33E+07,1.33E+07,1.33E+07,1.33E+07,1.33E+07,1.33E+07,1.33E+07,1.33E+07,1.33E+07,1.33E+07,1.33E+07,1.33E+07,1.33E+07,1.33E+07,1.33E+07,1.33E+07,1.33E+07,1.33E+07,1.33E+07,1.33E+07,1.33E+07,1.33E+07,1.33E+07,1.33E+07,1.33E+07,1.33E+07,1.33E+07,1.33E+07,1.33E+07,1.33E+07,1.33E+07,1.33E+07,1.33E+07,1.33E+07,1.33E+07,1.33E+07,1.33E+07
natural gas combined cycle,0,0,0,0,0,0,0,0,0,0,0,0,0,0,0,0,0,0,0,0,0,0,0,0,0,0,0,0,0,0,0,0,0,0,0,0,0,0,0,0,0,0,0,0,0,0,0,0,0,0,0,0,0,0,0,0,0,0,0,0,0,0,0,0,0,0,0,0,0,7.40E+06,7.40E+06,7.40E+06,7.40E+06,7.40E+06,7.40E+06,7.40E+06,7.40E+06,7.40E+06,7.40E+06,7.40E+06,7.40E+06,7.40E+06,7.40E+06,7.40E+06,7.40E+06,7.40E+06,7.40E+06,7.40E+06,7.40E+06,7.40E+06,7.40E+06,7.40E+06,7.40E+06,7.40E+06,7.40E+06,7.40E+06,7.40E+06,7.40E+06,7.40E+06,7.40E+06,7.40E+06,7.40E+06,7.40E+06,7.40E+06,7.40E+06,7.40E+06,7.40E+06,7.40E+06,7.40E+06,7.40E+06,7.40E+06,7.40E+06,7.40E+06,7.40E+06,7.40E+06,7.40E+06,7.40E+06,7.40E+06,7.40E+06,7.40E+06,7.40E+06,7.40E+06,7.55E+06,7.38E+06,7.98E+06,8.80E+06,8.51E+06,8.87E+06,8.00E+06,7.82E+06,7.87E+06,9.21E+06,9.40E+06,9.40E+06,9.40E+06,9.40E+06,9.40E+06,9.40E+06,9.40E+06,9.40E+06,9.40E+06,9.40E+06,9.40E+06,9.40E+06,9.40E+06,9.40E+06,9.40E+06,9.40E+06,9.40E+06,9.40E+06,9.40E+06,9.40E+06,9.40E+06,9.40E+06,9.40E+06,9.40E+06,9.40E+06,9.40E+06,9.40E+06,9.40E+06,9.40E+06,9.40E+06,9.40E+06,9.40E+06,9.40E+06,9.40E+06,9.40E+06,9.40E+06,9.40E+06,9.40E+06,9.40E+06,9.40E+06,9.40E+06,9.40E+06,9.40E+06,9.40E+06,9.40E+06,9.40E+06,9.40E+06,9.40E+06,9.40E+06,9.40E+06,9.40E+06,9.40E+06,9.40E+06,9.40E+06,9.40E+06,9.40E+06,9.40E+06,9.40E+06,9.40E+06,9.40E+06,9.40E+06,9.40E+06,9.40E+06,9.40E+06,9.40E+06,9.40E+06,9.40E+06,9.40E+06,9.40E+06,9.40E+06,9.40E+06,9.40E+06,9.40E+06,9.40E+06,9.40E+06,9.40E+06,9.40E+06,9.40E+06
nuclear,0,0,0,0,0,0,0,0,0,0,0,0,0,0,0,0,0,0,0,0,0,0,0,0,0,0,0,0,0,0,0,0,0,0,0,0,0,0,0,0,0,0,0,0,0,0,0,0,0,0,0,0,0,0,0,0,0,0,0,0,0,0,0,0,0,0,0,0,0,1.06E+07,1.06E+07,1.06E+07,1.06E+07,1.06E+07,1.06E+07,1.06E+07,1.06E+07,1.06E+07,1.06E+07,1.06E+07,1.06E+07,1.06E+07,1.06E+07,1.06E+07,1.06E+07,1.06E+07,1.06E+07,1.06E+07,1.06E+07,1.06E+07,1.06E+07,1.06E+07,1.06E+07,1.06E+07,1.06E+07,1.06E+07,1.06E+07,1.06E+07,1.06E+07,1.06E+07,1.06E+07,1.06E+07,1.06E+07,1.06E+07,1.06E+07,1.06E+07,1.06E+07,1.06E+07,1.06E+07,1.06E+07,1.06E+07,1.06E+07,1.06E+07,1.06E+07,1.06E+07,1.06E+07,1.06E+07,1.06E+07,1.06E+07,1.06E+07,1.06E+07,1.06E+07,1.02E+07,9.72E+06,9.73E+06,9.77E+06,1.02E+07,1.12E+07,1.09E+07,1.10E+07,1.02E+07,1.37E+07,1.38E+07,1.38E+07,1.38E+07,1.38E+07,1.38E+07,1.38E+07,1.38E+07,1.38E+07,1.38E+07,1.38E+07,1.38E+07,1.38E+07,1.38E+07,1.38E+07,1.38E+07,1.38E+07,1.38E+07,1.38E+07,1.38E+07,1.38E+07,1.38E+07,1.38E+07,1.38E+07,1.38E+07,1.38E+07,1.38E+07,1.38E+07,1.38E+07,1.38E+07,1.38E+07,1.38E+07,1.38E+07,1.38E+07,1.38E+07,1.38E+07,1.38E+07,1.38E+07,1.38E+07,1.38E+07,1.38E+07,1.38E+07,1.38E+07,1.38E+07,1.38E+07,1.38E+07,1.38E+07,1.38E+07,1.38E+07,1.38E+07,1.38E+07,1.38E+07,1.38E+07,1.38E+07,1.38E+07,1.38E+07,1.38E+07,1.38E+07,1.38E+07,1.38E+07,1.38E+07,1.38E+07,1.38E+07,1.38E+07,1.38E+07,1.38E+07,1.38E+07,1.38E+07,1.38E+07,1.38E+07,1.38E+07,1.38E+07,1.38E+07,1.38E+07,1.38E+07,1.38E+07,1.38E+07,1.38E+07,1.38E+07
hydro,0,0,0,0,0,0,0,0,0,0,0,0,0,0,0,0,0,0,0,0,0,0,0,0,0,0,0,0,0,0,0,0,0,0,0,0,0,0,0,0,0,0,0,0,0,0,0,0,0,0,0,0,0,0,0,0,0,0,0,0,0,0,0,0,0,0,0,0,0,0.00E+00,0.00E+00,0.00E+00,0.00E+00,0.00E+00,0.00E+00,0.00E+00,0.00E+00,0.00E+00,0.00E+00,0.00E+00,0.00E+00,0.00E+00,0.00E+00,0.00E+00,0.00E+00,0.00E+00,0.00E+00,0.00E+00,0.00E+00,0.00E+00,0.00E+00,0.00E+00,0.00E+00,0.00E+00,0.00E+00,0.00E+00,0.00E+00,0.00E+00,0.00E+00,0.00E+00,0.00E+00,0.00E+00,0.00E+00,0.00E+00,0.00E+00,0.00E+00,0.00E+00,0.00E+00,0.00E+00,0.00E+00,0.00E+00,0.00E+00,0.00E+00,0.00E+00,0.00E+00,0.00E+00,0.00E+00,0.00E+00,0.00E+00,0.00E+00,0.00E+00,0.00E+00,0.00E+00,0.00E+00,0.00E+00,0.00E+00,0.00E+00,0.00E+00,0.00E+00,0.00E+00,0.00E+00,0.00E+00,0.00E+00,0.00E+00,0.00E+00,0.00E+00,0.00E+00,0.00E+00,0.00E+00,0.00E+00,0.00E+00,0.00E+00,0.00E+00,0.00E+00,0.00E+00,0.00E+00,0.00E+00,0.00E+00,0.00E+00,0.00E+00,0.00E+00,0.00E+00,0.00E+00,0.00E+00,0.00E+00,0.00E+00,0.00E+00,0.00E+00,0.00E+00,0.00E+00,0.00E+00,0.00E+00,0.00E+00,0.00E+00,0.00E+00,0.00E+00,0.00E+00,0.00E+00,0.00E+00,0.00E+00,0.00E+00,0.00E+00,0.00E+00,0.00E+00,0.00E+00,0.00E+00,0.00E+00,0.00E+00,0.00E+00,0.00E+00,0.00E+00,0.00E+00,0.00E+00,0.00E+00,0.00E+00,0.00E+00,0.00E+00,0.00E+00,0.00E+00,0.00E+00,0.00E+00,0.00E+00,0.00E+00,0.00E+00,0.00E+00,0.00E+00,0.00E+00,0.00E+00,0.00E+00,0.00E+00,0.00E+00,0.00E+00,0.00E+00,0.00E+00,0.00E+00,0.00E+00,0.00E+00,0.00E+00,0.00E+00,0.00E+00
onshore wind,0,0,0,0,0,0,0,0,0,0,0,0,0,0,0,0,0,0,0,0,0,0,0,0,0,0,0,0,0,0,0,0,0,0,0,0,0,0,0,0,0,0,0,0,0,0,0,0,0,0,0,0,0,0,0,0,0,0,0,0,0,0,0,0,0,0,0,0,0,0.00E+00,0.00E+00,0.00E+00,0.00E+00,0.00E+00,0.00E+00,0.00E+00,0.00E+00,0.00E+00,0.00E+00,0.00E+00,0.00E+00,0.00E+00,0.00E+00,0.00E+00,0.00E+00,0.00E+00,0.00E+00,0.00E+00,0.00E+00,0.00E+00,0.00E+00,0.00E+00,0.00E+00,0.00E+00,0.00E+00,0.00E+00,0.00E+00,0.00E+00,0.00E+00,0.00E+00,0.00E+00,0.00E+00,0.00E+00,0.00E+00,0.00E+00,0.00E+00,0.00E+00,0.00E+00,0.00E+00,0.00E+00,0.00E+00,0.00E+00,0.00E+00,0.00E+00,0.00E+00,0.00E+00,0.00E+00,0.00E+00,0.00E+00,0.00E+00,0.00E+00,0.00E+00,0.00E+00,0.00E+00,0.00E+00,0.00E+00,0.00E+00,0.00E+00,0.00E+00,0.00E+00,0.00E+00,0.00E+00,0.00E+00,0.00E+00,0.00E+00,0.00E+00,0.00E+00,0.00E+00,0.00E+00,0.00E+00,0.00E+00,0.00E+00,0.00E+00,0.00E+00,0.00E+00,0.00E+00,0.00E+00,0.00E+00,0.00E+00,0.00E+00,0.00E+00,0.00E+00,0.00E+00,0.00E+00,0.00E+00,0.00E+00,0.00E+00,0.00E+00,0.00E+00,0.00E+00,0.00E+00,0.00E+00,0.00E+00,0.00E+00,0.00E+00,0.00E+00,0.00E+00,0.00E+00,0.00E+00,0.00E+00,0.00E+00,0.00E+00,0.00E+00,0.00E+00,0.00E+00,0.00E+00,0.00E+00,0.00E+00,0.00E+00,0.00E+00,0.00E+00,0.00E+00,0.00E+00,0.00E+00,0.00E+00,0.00E+00,0.00E+00,0.00E+00,0.00E+00,0.00E+00,0.00E+00,0.00E+00,0.00E+00,0.00E+00,0.00E+00,0.00E+00,0.00E+00,0.00E+00,0.00E+00,0.00E+00,0.00E+00,0.00E+00,0.00E+00,0.00E+00,0.00E+00,0.00E+00,0.00E+00,0.00E+00,0.00E+00,0.00E+00
solar PV,0,0,0,0,0,0,0,0,0,0,0,0,0,0,0,0,0,0,0,0,0,0,0,0,0,0,0,0,0,0,0,0,0,0,0,0,0,0,0,0,0,0,0,0,0,0,0,0,0,0,0,0,0,0,0,0,0,0,0,0,0,0,0,0,0,0,0,0,0,0.00E+00,0.00E+00,0.00E+00,0.00E+00,0.00E+00,0.00E+00,0.00E+00,0.00E+00,0.00E+00,0.00E+00,0.00E+00,0.00E+00,0.00E+00,0.00E+00,0.00E+00,0.00E+00,0.00E+00,0.00E+00,0.00E+00,0.00E+00,0.00E+00,0.00E+00,0.00E+00,0.00E+00,0.00E+00,0.00E+00,0.00E+00,0.00E+00,0.00E+00,0.00E+00,0.00E+00,0.00E+00,0.00E+00,0.00E+00,0.00E+00,0.00E+00,0.00E+00,0.00E+00,0.00E+00,0.00E+00,0.00E+00,0.00E+00,0.00E+00,0.00E+00,0.00E+00,0.00E+00,0.00E+00,0.00E+00,0.00E+00,0.00E+00,0.00E+00,0.00E+00,0.00E+00,0.00E+00,0.00E+00,0.00E+00,0.00E+00,0.00E+00,0.00E+00,0.00E+00,0.00E+00,0.00E+00,0.00E+00,0.00E+00,0.00E+00,0.00E+00,0.00E+00,0.00E+00,0.00E+00,0.00E+00,0.00E+00,0.00E+00,0.00E+00,0.00E+00,0.00E+00,0.00E+00,0.00E+00,0.00E+00,0.00E+00,0.00E+00,0.00E+00,0.00E+00,0.00E+00,0.00E+00,0.00E+00,0.00E+00,0.00E+00,0.00E+00,0.00E+00,0.00E+00,0.00E+00,0.00E+00,0.00E+00,0.00E+00,0.00E+00,0.00E+00,0.00E+00,0.00E+00,0.00E+00,0.00E+00,0.00E+00,0.00E+00,0.00E+00,0.00E+00,0.00E+00,0.00E+00,0.00E+00,0.00E+00,0.00E+00,0.00E+00,0.00E+00,0.00E+00,0.00E+00,0.00E+00,0.00E+00,0.00E+00,0.00E+00,0.00E+00,0.00E+00,0.00E+00,0.00E+00,0.00E+00,0.00E+00,0.00E+00,0.00E+00,0.00E+00,0.00E+00,0.00E+00,0.00E+00,0.00E+00,0.00E+00,0.00E+00,0.00E+00,0.00E+00,0.00E+00,0.00E+00,0.00E+00,0.00E+00,0.00E+00,0.00E+00,0.00E+00
solar thermal,0,0,0,0,0,0,0,0,0,0,0,0,0,0,0,0,0,0,0,0,0,0,0,0,0,0,0,0,0,0,0,0,0,0,0,0,0,0,0,0,0,0,0,0,0,0,0,0,0,0,0,0,0,0,0,0,0,0,0,0,0,0,0,0,0,0,0,0,0,0.00E+00,0.00E+00,0.00E+00,0.00E+00,0.00E+00,0.00E+00,0.00E+00,0.00E+00,0.00E+00,0.00E+00,0.00E+00,0.00E+00,0.00E+00,0.00E+00,0.00E+00,0.00E+00,0.00E+00,0.00E+00,0.00E+00,0.00E+00,0.00E+00,0.00E+00,0.00E+00,0.00E+00,0.00E+00,0.00E+00,0.00E+00,0.00E+00,0.00E+00,0.00E+00,0.00E+00,0.00E+00,0.00E+00,0.00E+00,0.00E+00,0.00E+00,0.00E+00,0.00E+00,0.00E+00,0.00E+00,0.00E+00,0.00E+00,0.00E+00,0.00E+00,0.00E+00,0.00E+00,0.00E+00,0.00E+00,0.00E+00,0.00E+00,0.00E+00,0.00E+00,0.00E+00,0.00E+00,0.00E+00,0.00E+00,0.00E+00,0.00E+00,0.00E+00,0.00E+00,0.00E+00,0.00E+00,0.00E+00,0.00E+00,0.00E+00,0.00E+00,0.00E+00,0.00E+00,0.00E+00,0.00E+00,0.00E+00,0.00E+00,0.00E+00,0.00E+00,0.00E+00,0.00E+00,0.00E+00,0.00E+00,0.00E+00,0.00E+00,0.00E+00,0.00E+00,0.00E+00,0.00E+00,0.00E+00,0.00E+00,0.00E+00,0.00E+00,0.00E+00,0.00E+00,0.00E+00,0.00E+00,0.00E+00,0.00E+00,0.00E+00,0.00E+00,0.00E+00,0.00E+00,0.00E+00,0.00E+00,0.00E+00,0.00E+00,0.00E+00,0.00E+00,0.00E+00,0.00E+00,0.00E+00,0.00E+00,0.00E+00,0.00E+00,0.00E+00,0.00E+00,0.00E+00,0.00E+00,0.00E+00,0.00E+00,0.00E+00,0.00E+00,0.00E+00,0.00E+00,0.00E+00,0.00E+00,0.00E+00,0.00E+00,0.00E+00,0.00E+00,0.00E+00,0.00E+00,0.00E+00,0.00E+00,0.00E+00,0.00E+00,0.00E+00,0.00E+00,0.00E+00,0.00E+00,0.00E+00,0.00E+00,0.00E+00,0.00E+00,0.00E+00
biomass,0,0,0,0,0,0,0,0,0,0,0,0,0,0,0,0,0,0,0,0,0,0,0,0,0,0,0,0,0,0,0,0,0,0,0,0,0,0,0,0,0,0,0,0,0,0,0,0,0,0,0,0,0,0,0,0,0,0,0,0,0,0,0,0,0,0,0,0,0,4.08E+07,4.08E+07,4.08E+07,4.08E+07,4.08E+07,4.08E+07,4.08E+07,4.08E+07,4.08E+07,4.08E+07,4.08E+07,4.08E+07,4.08E+07,4.08E+07,4.08E+07,4.08E+07,4.08E+07,4.08E+07,4.08E+07,4.08E+07,4.08E+07,4.08E+07,4.08E+07,4.08E+07,4.08E+07,4.08E+07,4.08E+07,4.08E+07,4.08E+07,4.08E+07,4.08E+07,4.08E+07,4.08E+07,4.08E+07,4.08E+07,4.08E+07,4.08E+07,4.08E+07,4.08E+07,4.08E+07,4.08E+07,4.08E+07,4.08E+07,4.08E+07,4.08E+07,4.08E+07,4.08E+07,4.08E+07,4.08E+07,4.08E+07,4.08E+07,4.08E+07,4.08E+07,5.11E+07,4.59E+07,4.67E+07,4.49E+07,3.29E+07,3.08E+07,3.85E+07,3.76E+07,3.44E+07,2.80E+07,2.70E+07,2.70E+07,2.70E+07,2.70E+07,2.70E+07,2.70E+07,2.70E+07,2.70E+07,2.70E+07,2.70E+07,2.70E+07,2.70E+07,2.70E+07,2.70E+07,2.70E+07,2.70E+07,2.70E+07,2.70E+07,2.70E+07,2.70E+07,2.70E+07,2.70E+07,2.70E+07,2.70E+07,2.70E+07,2.70E+07,2.70E+07,2.70E+07,2.70E+07,2.70E+07,2.70E+07,2.70E+07,2.70E+07,2.70E+07,2.70E+07,2.70E+07,2.70E+07,2.70E+07,2.70E+07,2.70E+07,2.70E+07,2.70E+07,2.70E+07,2.70E+07,2.70E+07,2.70E+07,2.70E+07,2.70E+07,2.70E+07,2.70E+07,2.70E+07,2.70E+07,2.70E+07,2.70E+07,2.70E+07,2.70E+07,2.70E+07,2.70E+07,2.70E+07,2.70E+07,2.70E+07,2.70E+07,2.70E+07,2.70E+07,2.70E+07,2.70E+07,2.70E+07,2.70E+07,2.70E+07,2.70E+07,2.70E+07,2.70E+07,2.70E+07,2.70E+07,2.70E+07,2.70E+07,2.70E+07,2.70E+07
geothermal,0,0,0,0,0,0,0,0,0,0,0,0,0,0,0,0,0,0,0,0,0,0,0,0,0,0,0,0,0,0,0,0,0,0,0,0,0,0,0,0,0,0,0,0,0,0,0,0,0,0,0,0,0,0,0,0,0,0,0,0,0,0,0,0,0,0,0,0,0,0.00E+00,0.00E+00,0.00E+00,0.00E+00,0.00E+00,0.00E+00,0.00E+00,0.00E+00,0.00E+00,0.00E+00,0.00E+00,0.00E+00,0.00E+00,0.00E+00,0.00E+00,0.00E+00,0.00E+00,0.00E+00,0.00E+00,0.00E+00,0.00E+00,0.00E+00,0.00E+00,0.00E+00,0.00E+00,0.00E+00,0.00E+00,0.00E+00,0.00E+00,0.00E+00,0.00E+00,0.00E+00,0.00E+00,0.00E+00,0.00E+00,0.00E+00,0.00E+00,0.00E+00,0.00E+00,0.00E+00,0.00E+00,0.00E+00,0.00E+00,0.00E+00,0.00E+00,0.00E+00,0.00E+00,0.00E+00,0.00E+00,0.00E+00,0.00E+00,0.00E+00,0.00E+00,0.00E+00,0.00E+00,0.00E+00,0.00E+00,0.00E+00,0.00E+00,0.00E+00,0.00E+00,0.00E+00,0.00E+00,0.00E+00,0.00E+00,0.00E+00,0.00E+00,0.00E+00,0.00E+00,0.00E+00,0.00E+00,0.00E+00,0.00E+00,0.00E+00,0.00E+00,0.00E+00,0.00E+00,0.00E+00,0.00E+00,0.00E+00,0.00E+00,0.00E+00,0.00E+00,0.00E+00,0.00E+00,0.00E+00,0.00E+00,0.00E+00,0.00E+00,0.00E+00,0.00E+00,0.00E+00,0.00E+00,0.00E+00,0.00E+00,0.00E+00,0.00E+00,0.00E+00,0.00E+00,0.00E+00,0.00E+00,0.00E+00,0.00E+00,0.00E+00,0.00E+00,0.00E+00,0.00E+00,0.00E+00,0.00E+00,0.00E+00,0.00E+00,0.00E+00,0.00E+00,0.00E+00,0.00E+00,0.00E+00,0.00E+00,0.00E+00,0.00E+00,0.00E+00,0.00E+00,0.00E+00,0.00E+00,0.00E+00,0.00E+00,0.00E+00,0.00E+00,0.00E+00,0.00E+00,0.00E+00,0.00E+00,0.00E+00,0.00E+00,0.00E+00,0.00E+00,0.00E+00,0.00E+00,0.00E+00,0.00E+00,0.00E+00,0.00E+00
petroleum,0,0,0,0,0,0,0,0,0,0,0,0,0,0,0,0,0,0,0,0,0,0,0,0,0,0,0,0,0,0,0,0,0,0,0,0,0,0,0,0,0,0,0,0,0,0,0,0,0,0,0,0,0,0,0,0,0,0,0,0,0,0,0,0,0,0,0,0,0,0.00E+00,0.00E+00,0.00E+00,0.00E+00,0.00E+00,0.00E+00,0.00E+00,0.00E+00,0.00E+00,0.00E+00,0.00E+00,0.00E+00,0.00E+00,0.00E+00,0.00E+00,0.00E+00,0.00E+00,0.00E+00,0.00E+00,0.00E+00,0.00E+00,0.00E+00,0.00E+00,0.00E+00,0.00E+00,0.00E+00,0.00E+00,0.00E+00,0.00E+00,0.00E+00,0.00E+00,0.00E+00,0.00E+00,0.00E+00,0.00E+00,0.00E+00,0.00E+00,0.00E+00,0.00E+00,0.00E+00,0.00E+00,0.00E+00,0.00E+00,0.00E+00,0.00E+00,0.00E+00,0.00E+00,0.00E+00,0.00E+00,0.00E+00,0.00E+00,0.00E+00,0.00E+00,0.00E+00,0.00E+00,0.00E+00,0.00E+00,0.00E+00,0.00E+00,0.00E+00,0.00E+00,8663571.912,8663571.912,8663571.912,8663571.912,8663571.912,8663571.912,8663571.912,8663571.912,8663571.912,8663571.912,8663571.912,8663571.912,8663571.912,8663571.912,8663571.912,8663571.912,8663571.912,8663571.912,8663571.912,8663571.912,8663571.912,8663571.912,8663571.912,8663571.912,8663571.912,8663571.912,8663571.912,8663571.912,8663571.912,8663571.912,8663571.912,8663571.912,8663571.912,8663571.912,8663571.912,8663571.912,8663571.912,8663571.912,8663571.912,8663571.912,8663571.912,8663571.912,8663571.912,8663571.912,8663571.912,8663571.912,8663571.912,8663571.912,8663571.912,8663571.912,8663571.912,8663571.912,8663571.912,8663571.912,8663571.912,8663571.912,8663571.912,8663571.912,8663571.912,8663571.912,8663571.912,8663571.912,8663571.912,8663571.912,8663571.912,8663571.912,8663571.912,8663571.912,8663571.912,8663571.912,8663571.912,8663571.912,8663571.912,8663571.912,8663571.912,8663571.912,8663571.912,8663571.912,8663571.912,8663571.912
natural gas peaker,0,0,0,0,0,0,0,0,0,0,0,0,0,0,0,0,0,0,0,0,0,0,0,0,0,0,0,0,0,0,0,0,0,0,0,0,0,0,0,0,0,0,0,0,0,0,0,0,0,0,0,0,0,0,0,0,0,0,0,0,0,0,0,0,0,0,0,0,0,9.85E+06,9.85E+06,9.85E+06,9.85E+06,9.85E+06,9.85E+06,9.85E+06,9.85E+06,9.85E+06,9.85E+06,9.85E+06,9.85E+06,9.85E+06,9.85E+06,9.85E+06,9.85E+06,9.85E+06,9.85E+06,9.85E+06,9.85E+06,9.85E+06,9.85E+06,9.85E+06,9.85E+06,9.85E+06,9.85E+06,9.85E+06,9.85E+06,9.85E+06,9.85E+06,9.85E+06,9.85E+06,9.85E+06,9.85E+06,9.85E+06,9.85E+06,9.85E+06,9.85E+06,9.85E+06,9.85E+06,9.85E+06,9.85E+06,9.85E+06,9.85E+06,9.85E+06,9.85E+06,9.85E+06,9.85E+06,9.85E+06,9.85E+06,9.85E+06,9.85E+06,9.85E+06,9.85E+06,9.22E+06,8.54E+06,1.07E+07,1.10E+07,1.12E+07,1.04E+07,1.07E+07,9.93E+06,1.01E+07,1.08E+07,1.08E+07,1.08E+07,1.08E+07,1.08E+07,1.08E+07,1.08E+07,1.08E+07,1.08E+07,1.08E+07,1.08E+07,1.08E+07,1.08E+07,1.08E+07,1.08E+07,1.08E+07,1.08E+07,1.08E+07,1.08E+07,1.08E+07,1.08E+07,1.08E+07,1.08E+07,1.08E+07,1.08E+07,1.08E+07,1.08E+07,1.08E+07,1.08E+07,1.08E+07,1.08E+07,1.08E+07,1.08E+07,1.08E+07,1.08E+07,1.08E+07,1.08E+07,1.08E+07,1.08E+07,1.08E+07,1.08E+07,1.08E+07,1.08E+07,1.08E+07,1.08E+07,1.08E+07,1.08E+07,1.08E+07,1.08E+07,1.08E+07,1.08E+07,1.08E+07,1.08E+07,1.08E+07,1.08E+07,1.08E+07,1.08E+07,1.08E+07,1.08E+07,1.08E+07,1.08E+07,1.08E+07,1.08E+07,1.08E+07,1.08E+07,1.08E+07,1.08E+07,1.08E+07,1.08E+07,1.08E+07,1.08E+07,1.08E+07,1.08E+07,1.08E+07,1.08E+07,1.08E+07,1.08E+07,1.08E+07
lignite,0,0,0,0,0,0,0,0,0,0,0,0,0,0,0,0,0,0,0,0,0,0,0,0,0,0,0,0,0,0,0,0,0,0,0,0,0,0,0,0,0,0,0,0,0,0,0,0,0,0,0,0,0,0,0,0,0,0,0,0,0,0,0,0,0,0,0,0,0,0.00E+00,0.00E+00,0.00E+00,0.00E+00,0.00E+00,0.00E+00,0.00E+00,0.00E+00,0.00E+00,0.00E+00,0.00E+00,0.00E+00,0.00E+00,0.00E+00,0.00E+00,0.00E+00,0.00E+00,0.00E+00,0.00E+00,0.00E+00,0.00E+00,0.00E+00,0.00E+00,0.00E+00,0.00E+00,0.00E+00,0.00E+00,0.00E+00,0.00E+00,0.00E+00,0.00E+00,0.00E+00,0.00E+00,0.00E+00,0.00E+00,0.00E+00,0.00E+00,0.00E+00,0.00E+00,0.00E+00,0.00E+00,0.00E+00,0.00E+00,0.00E+00,0.00E+00,0.00E+00,0.00E+00,0.00E+00,0.00E+00,0.00E+00,0.00E+00,0.00E+00,0.00E+00,0.00E+00,0.00E+00,0.00E+00,0.00E+00,0.00E+00,0.00E+00,0.00E+00,0.00E+00,11911123.65,11911123.65,11911123.65,11911123.65,11911123.65,11911123.65,11911123.65,11911123.65,11911123.65,11911123.65,11911123.65,11911123.65,11911123.65,11911123.65,11911123.65,11911123.65,11911123.65,11911123.65,11911123.65,11911123.65,11911123.65,11911123.65,11911123.65,11911123.65,11911123.65,11911123.65,11911123.65,11911123.65,11911123.65,11911123.65,11911123.65,11911123.65,11911123.65,11911123.65,11911123.65,11911123.65,11911123.65,11911123.65,11911123.65,11911123.65,11911123.65,11911123.65,11911123.65,11911123.65,11911123.65,11911123.65,11911123.65,11911123.65,11911123.65,11911123.65,11911123.65,11911123.65,11911123.65,11911123.65,11911123.65,11911123.65,11911123.65,11911123.65,11911123.65,11911123.65,11911123.65,11911123.65,11911123.65,11911123.65,11911123.65,11911123.65,11911123.65,11911123.65,11911123.65,11911123.65,11911123.65,11911123.65,11911123.65,11911123.65,11911123.65,11911123.65,11911123.65,11911123.65,11911123.65,11911123.65
offshore wind,0,0,0,0,0,0,0,0,0,0,0,0,0,0,0,0,0,0,0,0,0,0,0,0,0,0,0,0,0,0,0,0,0,0,0,0,0,0,0,0,0,0,0,0,0,0,0,0,0,0,0,0,0,0,0,0,0,0,0,0,0,0,0,0,0,0,0,0,0,0.00E+00,0.00E+00,0.00E+00,0.00E+00,0.00E+00,0.00E+00,0.00E+00,0.00E+00,0.00E+00,0.00E+00,0.00E+00,0.00E+00,0.00E+00,0.00E+00,0.00E+00,0.00E+00,0.00E+00,0.00E+00,0.00E+00,0.00E+00,0.00E+00,0.00E+00,0.00E+00,0.00E+00,0.00E+00,0.00E+00,0.00E+00,0.00E+00,0.00E+00,0.00E+00,0.00E+00,0.00E+00,0.00E+00,0.00E+00,0.00E+00,0.00E+00,0.00E+00,0.00E+00,0.00E+00,0.00E+00,0.00E+00,0.00E+00,0.00E+00,0.00E+00,0.00E+00,0.00E+00,0.00E+00,0.00E+00,0.00E+00,0.00E+00,0.00E+00,0.00E+00,0.00E+00,0.00E+00,0.00E+00,0.00E+00,0.00E+00,0.00E+00,0.00E+00,0.00E+00,0.00E+00,0.00E+00,0.00E+00,0.00E+00,0.00E+00,0.00E+00,0.00E+00,0.00E+00,0.00E+00,0.00E+00,0.00E+00,0.00E+00,0.00E+00,0.00E+00,0.00E+00,0.00E+00,0.00E+00,0.00E+00,0.00E+00,0.00E+00,0.00E+00,0.00E+00,0.00E+00,0.00E+00,0.00E+00,0.00E+00,0.00E+00,0.00E+00,0.00E+00,0.00E+00,0.00E+00,0.00E+00,0.00E+00,0.00E+00,0.00E+00,0.00E+00,0.00E+00,0.00E+00,0.00E+00,0.00E+00,0.00E+00,0.00E+00,0.00E+00,0.00E+00,0.00E+00,0.00E+00,0.00E+00,0.00E+00,0.00E+00,0.00E+00,0.00E+00,0.00E+00,0.00E+00,0.00E+00,0.00E+00,0.00E+00,0.00E+00,0.00E+00,0.00E+00,0.00E+00,0.00E+00,0.00E+00,0.00E+00,0.00E+00,0.00E+00,0.00E+00,0.00E+00,0.00E+00,0.00E+00,0.00E+00,0.00E+00,0.00E+00,0.00E+00,0.00E+00,0.00E+00,0.00E+00,0.00E+00,0.00E+00,0.00E+00,0.00E+00,0.00E+00
crude oil,0,0,0,0,0,0,0,0,0,0,0,0,0,0,0,0,0,0,0,0,0,0,0,0,0,0,0,0,0,0,0,0,0,0,0,0,0,0,0,0,0,0,0,0,0,0,0,0,0,0,0,0,0,0,0,0,0,0,0,0,0,0,0,0,0,0,0,0,0,0.00E+00,0.00E+00,0.00E+00,0.00E+00,0.00E+00,0.00E+00,0.00E+00,0.00E+00,0.00E+00,0.00E+00,0.00E+00,0.00E+00,0.00E+00,0.00E+00,0.00E+00,0.00E+00,0.00E+00,0.00E+00,0.00E+00,0.00E+00,0.00E+00,0.00E+00,0.00E+00,0.00E+00,0.00E+00,0.00E+00,0.00E+00,0.00E+00,0.00E+00,0.00E+00,0.00E+00,0.00E+00,0.00E+00,0.00E+00,0.00E+00,0.00E+00,0.00E+00,0.00E+00,0.00E+00,0.00E+00,0.00E+00,0.00E+00,0.00E+00,0.00E+00,0.00E+00,0.00E+00,0.00E+00,0.00E+00,0.00E+00,0.00E+00,0.00E+00,0.00E+00,0.00E+00,0.00E+00,0.00E+00,0.00E+00,0.00E+00,0.00E+00,0.00E+00,0.00E+00,0.00E+00,0.00E+00,0.00E+00,0.00E+00,0.00E+00,0.00E+00,0.00E+00,0.00E+00,0.00E+00,0.00E+00,0.00E+00,0.00E+00,0.00E+00,0.00E+00,0.00E+00,0.00E+00,0.00E+00,0.00E+00,0.00E+00,0.00E+00,0.00E+00,0.00E+00,0.00E+00,0.00E+00,0.00E+00,0.00E+00,0.00E+00,0.00E+00,0.00E+00,0.00E+00,0.00E+00,0.00E+00,0.00E+00,0.00E+00,0.00E+00,0.00E+00,0.00E+00,0.00E+00,0.00E+00,0.00E+00,0.00E+00,0.00E+00,0.00E+00,0.00E+00,0.00E+00,0.00E+00,0.00E+00,0.00E+00,0.00E+00,0.00E+00,0.00E+00,0.00E+00,0.00E+00,0.00E+00,0.00E+00,0.00E+00,0.00E+00,0.00E+00,0.00E+00,0.00E+00,0.00E+00,0.00E+00,0.00E+00,0.00E+00,0.00E+00,0.00E+00,0.00E+00,0.00E+00,0.00E+00,0.00E+00,0.00E+00,0.00E+00,0.00E+00,0.00E+00,0.00E+00,0.00E+00,0.00E+00,0.00E+00,0.00E+00,0.00E+00,0.00E+00
heavy or residual fuel oil,0,0,0,0,0,0,0,0,0,0,0,0,0,0,0,0,0,0,0,0,0,0,0,0,0,0,0,0,0,0,0,0,0,0,0,0,0,0,0,0,0,0,0,0,0,0,0,0,0,0,0,0,0,0,0,0,0,0,0,0,0,0,0,0,0,0,0,0,0,1.02E+07,1.02E+07,1.02E+07,1.02E+07,1.02E+07,1.02E+07,1.02E+07,1.02E+07,1.02E+07,1.02E+07,1.02E+07,1.02E+07,1.02E+07,1.02E+07,1.02E+07,1.02E+07,1.02E+07,1.02E+07,1.02E+07,1.02E+07,1.02E+07,1.02E+07,1.02E+07,1.02E+07,1.02E+07,1.02E+07,1.02E+07,1.02E+07,1.02E+07,1.02E+07,1.02E+07,1.02E+07,1.02E+07,1.02E+07,1.02E+07,1.02E+07,1.02E+07,1.02E+07,1.02E+07,1.02E+07,1.02E+07,1.02E+07,1.02E+07,1.02E+07,1.02E+07,1.02E+07,1.02E+07,1.02E+07,1.02E+07,1.02E+07,1.02E+07,1.02E+07,1.02E+07,1.00E+07,9.78E+06,9.50E+06,1.07E+07,1.09E+07,1.12E+07,1.08E+07,1.32E+07,1.34E+07,1.45E+07,1.32E+07,1.32E+07,1.32E+07,1.32E+07,1.32E+07,1.32E+07,1.32E+07,1.32E+07,1.32E+07,1.32E+07,1.32E+07,1.32E+07,1.32E+07,1.32E+07,1.32E+07,1.32E+07,1.32E+07,1.32E+07,1.32E+07,1.32E+07,1.32E+07,1.32E+07,1.32E+07,1.32E+07,1.32E+07,1.32E+07,1.32E+07,1.32E+07,1.32E+07,1.32E+07,1.32E+07,1.32E+07,1.32E+07,1.32E+07,1.32E+07,1.32E+07,1.32E+07,1.32E+07,1.32E+07,1.32E+07,1.32E+07,1.32E+07,1.32E+07,1.32E+07,1.32E+07,1.32E+07,1.32E+07,1.32E+07,1.32E+07,1.32E+07,1.32E+07,1.32E+07,1.32E+07,1.32E+07,1.32E+07,1.32E+07,1.32E+07,1.32E+07,1.32E+07,1.32E+07,1.32E+07,1.32E+07,1.32E+07,1.32E+07,1.32E+07,1.32E+07,1.32E+07,1.32E+07,1.32E+07,1.32E+07,1.32E+07,1.32E+07,1.32E+07,1.32E+07,1.32E+07,1.32E+07,1.32E+07,1.32E+07
municipal solid waste,0,0,0,0,0,0,0,0,0,0,0,0,0,0,0,0,0,0,0,0,0,0,0,0,0,0,0,0,0,0,0,0,0,0,0,0,0,0,0,0,0,0,0,0,0,0,0,0,0,0,0,0,0,0,0,0,0,0,0,0,0,0,0,0,0,0,0,0,0,0.00E+00,0.00E+00,0.00E+00,0.00E+00,0.00E+00,0.00E+00,0.00E+00,0.00E+00,0.00E+00,0.00E+00,0.00E+00,0.00E+00,0.00E+00,0.00E+00,0.00E+00,0.00E+00,0.00E+00,0.00E+00,0.00E+00,0.00E+00,0.00E+00,0.00E+00,0.00E+00,0.00E+00,0.00E+00,0.00E+00,0.00E+00,0.00E+00,0.00E+00,0.00E+00,0.00E+00,0.00E+00,0.00E+00,0.00E+00,0.00E+00,0.00E+00,0.00E+00,0.00E+00,0.00E+00,0.00E+00,0.00E+00,0.00E+00,0.00E+00,0.00E+00,0.00E+00,0.00E+00,0.00E+00,0.00E+00,0.00E+00,0.00E+00,0.00E+00,0.00E+00,0.00E+00,0.00E+00,0.00E+00,0.00E+00,0.00E+00,0.00E+00,0.00E+00,0.00E+00,0.00E+00,18734116.29,18734116.29,18734116.29,18734116.29,18734116.29,18734116.29,18734116.29,18734116.29,18734116.29,18734116.29,18734116.29,18734116.29,18734116.29,18734116.29,18734116.29,18734116.29,18734116.29,18734116.29,18734116.29,18734116.29,18734116.29,18734116.29,18734116.29,18734116.29,18734116.29,18734116.29,18734116.29,18734116.29,18734116.29,18734116.29,18734116.29,18734116.29,18734116.29,18734116.29,18734116.29,18734116.29,18734116.29,18734116.29,18734116.29,18734116.29,18734116.29,18734116.29,18734116.29,18734116.29,18734116.29,18734116.29,18734116.29,18734116.29,18734116.29,18734116.29,18734116.29,18734116.29,18734116.29,18734116.29,18734116.29,18734116.29,18734116.29,18734116.29,18734116.29,18734116.29,18734116.29,18734116.29,18734116.29,18734116.29,18734116.29,18734116.29,18734116.29,18734116.29,18734116.29,18734116.29,18734116.29,18734116.29,18734116.29,18734116.29,18734116.29,18734116.29,18734116.29,18734116.29,18734116.29,18734116.29
hard coal w CCS,0,0,0,0,0,0,0,0,0,0,0,0,0,0,0,0,0,0,0,0,0,0,0,0,0,0,0,0,0,0,0,0,0,0,0,0,0,0,0,0,0,0,0,0,0,0,0,0,0,0,0,0,0,0,0,0,0,0,0,0,0,0,0,0,0,0,0,0,0,0.00E+00,0.00E+00,0.00E+00,0.00E+00,0.00E+00,0.00E+00,0.00E+00,0.00E+00,0.00E+00,0.00E+00,0.00E+00,0.00E+00,0.00E+00,0.00E+00,0.00E+00,0.00E+00,0.00E+00,0.00E+00,0.00E+00,0.00E+00,0.00E+00,0.00E+00,0.00E+00,0.00E+00,0.00E+00,0.00E+00,0.00E+00,0.00E+00,0.00E+00,0.00E+00,0.00E+00,0.00E+00,0.00E+00,0.00E+00,0.00E+00,0.00E+00,0.00E+00,0.00E+00,0.00E+00,0.00E+00,0.00E+00,0.00E+00,0.00E+00,0.00E+00,0.00E+00,0.00E+00,0.00E+00,0.00E+00,0.00E+00,0.00E+00,0.00E+00,0.00E+00,0.00E+00,0.00E+00,0.00E+00,0.00E+00,0.00E+00,0.00E+00,0.00E+00,0.00E+00,0.00E+00,11116000,11116000,11057000,10997000,10938000,10879000,10820000,10761000,10702000,10643000,10584000,10525000,10466000,10407000,10348000,10348000,10348000,10348000,10348000,10348000,10348000,10348000,10348000,10348000,10348000,10348000,10348000,10348000,10348000,10348000,10348000,10348000,10348000,10348000,10348000,10348000,10348000,10348000,10348000,10348000,10348000,10348000,10348000,10348000,10348000,10348000,10348000,10348000,10348000,10348000,10348000,10348000,10348000,10348000,10348000,10348000,10348000,10348000,10348000,10348000,10348000,10348000,10348000,10348000,10348000,10348000,10348000,10348000,10348000,10348000,10348000,10348000,10348000,10348000,10348000,10348000,10348000,10348000,10348000,10348000
natural gas combined cycle w CCS,0,0,0,0,0,0,0,0,0,0,0,0,0,0,0,0,0,0,0,0,0,0,0,0,0,0,0,0,0,0,0,0,0,0,0,0,0,0,0,0,0,0,0,0,0,0,0,0,0,0,0,0,0,0,0,0,0,0,0,0,0,0,0,0,0,0,0,0,0,0.00E+00,0.00E+00,0.00E+00,0.00E+00,0.00E+00,0.00E+00,0.00E+00,0.00E+00,0.00E+00,0.00E+00,0.00E+00,0.00E+00,0.00E+00,0.00E+00,0.00E+00,0.00E+00,0.00E+00,0.00E+00,0.00E+00,0.00E+00,0.00E+00,0.00E+00,0.00E+00,0.00E+00,0.00E+00,0.00E+00,0.00E+00,0.00E+00,0.00E+00,0.00E+00,0.00E+00,0.00E+00,0.00E+00,0.00E+00,0.00E+00,0.00E+00,0.00E+00,0.00E+00,0.00E+00,0.00E+00,0.00E+00,0.00E+00,0.00E+00,0.00E+00,0.00E+00,0.00E+00,0.00E+00,0.00E+00,0.00E+00,0.00E+00,0.00E+00,0.00E+00,0.00E+00,0.00E+00,0.00E+00,0.00E+00,0.00E+00,0.00E+00,0.00E+00,0.00E+00,0.00E+00,7113500,7113500,7088500,7064000,7039500,7015000,6990000,6966000,6941000,6916500,6891500,6867500,6842500,6818000,6793500,6793500,6793500,6793500,6793500,6793500,6793500,6793500,6793500,6793500,6793500,6793500,6793500,6793500,6793500,6793500,6793500,6793500,6793500,6793500,6793500,6793500,6793500,6793500,6793500,6793500,6793500,6793500,6793500,6793500,6793500,6793500,6793500,6793500,6793500,6793500,6793500,6793500,6793500,6793500,6793500,6793500,6793500,6793500,6793500,6793500,6793500,6793500,6793500,6793500,6793500,6793500,6793500,6793500,6793500,6793500,6793500,6793500,6793500,6793500,6793500,6793500,6793500,6793500,6793500,6793500
biomass w CCS,0,0,0,0,0,0,0,0,0,0,0,0,0,0,0,0,0,0,0,0,0,0,0,0,0,0,0,0,0,0,0,0,0,0,0,0,0,0,0,0,0,0,0,0,0,0,0,0,0,0,0,0,0,0,0,0,0,0,0,0,0,0,0,0,0,0,0,0,0,0.00E+00,0.00E+00,0.00E+00,0.00E+00,0.00E+00,0.00E+00,0.00E+00,0.00E+00,0.00E+00,0.00E+00,0.00E+00,0.00E+00,0.00E+00,0.00E+00,0.00E+00,0.00E+00,0.00E+00,0.00E+00,0.00E+00,0.00E+00,0.00E+00,0.00E+00,0.00E+00,0.00E+00,0.00E+00,0.00E+00,0.00E+00,0.00E+00,0.00E+00,0.00E+00,0.00E+00,0.00E+00,0.00E+00,0.00E+00,0.00E+00,0.00E+00,0.00E+00,0.00E+00,0.00E+00,0.00E+00,0.00E+00,0.00E+00,0.00E+00,0.00E+00,0.00E+00,0.00E+00,0.00E+00,0.00E+00,0.00E+00,0.00E+00,0.00E+00,0.00E+00,0.00E+00,0.00E+00,0.00E+00,0.00E+00,0.00E+00,0.00E+00,0.00E+00,0.00E+00,0.00E+00,15244000,15193000,15142000,15091000,15040000,14989000,14938000,14887000,14836000,14785000,14738800,14692600,14646400,14600200,14554000,14507800,14461600,14415400,14369200,14323000,14276800,14230600,14184400,14138200,14092000,14045800,13999600,13953400,13907200,13861000,13861000,13861000,13861000,13861000,13861000,13861000,13861000,13861000,13861000,13861000,13861000,13861000,13861000,13861000,13861000,13861000,13861000,13861000,13861000,13861000,13861000,13861000,13861000,13861000,13861000,13861000,13861000,13861000,13861000,13861000,13861000,13861000,13861000,13861000,13861000,13861000,13861000,13861000,13861000,13861000,13861000,13861000,13861000,13861000,13861000,13861000,13861000,13861000,13861000,13861000
lignite w CCS,0,0,0,0,0,0,0,0,0,0,0,0,0,0,0,0,0,0,0,0,0,0,0,0,0,0,0,0,0,0,0,0,0,0,0,0,0,0,0,0,0,0,0,0,0,0,0,0,0,0,0,0,0,0,0,0,0,0,0,0,0,0,0,0,0,0,0,0,0,0.00E+00,0.00E+00,0.00E+00,0.00E+00,0.00E+00,0.00E+00,0.00E+00,0.00E+00,0.00E+00,0.00E+00,0.00E+00,0.00E+00,0.00E+00,0.00E+00,0.00E+00,0.00E+00,0.00E+00,0.00E+00,0.00E+00,0.00E+00,0.00E+00,0.00E+00,0.00E+00,0.00E+00,0.00E+00,0.00E+00,0.00E+00,0.00E+00,0.00E+00,0.00E+00,0.00E+00,0.00E+00,0.00E+00,0.00E+00,0.00E+00,0.00E+00,0.00E+00,0.00E+00,0.00E+00,0.00E+00,0.00E+00,0.00E+00,0.00E+00,0.00E+00,0.00E+00,0.00E+00,0.00E+00,0.00E+00,0.00E+00,0.00E+00,0.00E+00,0.00E+00,0.00E+00,0.00E+00,0.00E+00,0.00E+00,0.00E+00,0.00E+00,0.00E+00,0.00E+00,0.00E+00,11116000,11116000,11057000,10997000,10938000,10879000,10820000,10761000,10702000,10643000,10584000,10525000,10466000,10407000,10348000,10348000,10348000,10348000,10348000,10348000,10348000,10348000,10348000,10348000,10348000,10348000,10348000,10348000,10348000,10348000,10348000,10348000,10348000,10348000,10348000,10348000,10348000,10348000,10348000,10348000,10348000,10348000,10348000,10348000,10348000,10348000,10348000,10348000,10348000,10348000,10348000,10348000,10348000,10348000,10348000,10348000,10348000,10348000,10348000,10348000,10348000,10348000,10348000,10348000,10348000,10348000,10348000,10348000,10348000,10348000,10348000,10348000,10348000,10348000,10348000,10348000,10348000,10348000,10348000,10348000
small modular reactor,0,0,0,0,0,0,0,0,0,0,0,0,0,0,0,0,0,0,0,0,0,0,0,0,0,0,0,0,0,0,0,0,0,0,0,0,0,0,0,0,0,0,0,0,0,0,0,0,0,0,0,0,0,0,0,0,0,0,0,0,0,0,0,0,0,0,0,0,0,0.00E+00,0.00E+00,0.00E+00,0.00E+00,0.00E+00,0.00E+00,0.00E+00,0.00E+00,0.00E+00,0.00E+00,0.00E+00,0.00E+00,0.00E+00,0.00E+00,0.00E+00,0.00E+00,0.00E+00,0.00E+00,0.00E+00,0.00E+00,0.00E+00,0.00E+00,0.00E+00,0.00E+00,0.00E+00,0.00E+00,0.00E+00,0.00E+00,0.00E+00,0.00E+00,0.00E+00,0.00E+00,0.00E+00,0.00E+00,0.00E+00,0.00E+00,0.00E+00,0.00E+00,0.00E+00,0.00E+00,0.00E+00,0.00E+00,0.00E+00,0.00E+00,0.00E+00,0.00E+00,0.00E+00,0.00E+00,0.00E+00,0.00E+00,0.00E+00,0.00E+00,0.00E+00,0.00E+00,0.00E+00,0.00E+00,0.00E+00,0.00E+00,0.00E+00,0.00E+00,0.00E+00,10447000,10447000,10447000,10447000,10447000,10447000,10447000,10447000,10447000,10447000,10447000,10447000,10447000,10447000,10447000,10447000,10447000,10447000,10447000,10447000,10447000,10447000,10447000,10447000,10447000,10447000,10447000,10447000,10447000,10447000,10447000,10447000,10447000,10447000,10447000,10447000,10447000,10447000,10447000,10447000,10447000,10447000,10447000,10447000,10447000,10447000,10447000,10447000,10447000,10447000,10447000,10447000,10447000,10447000,10447000,10447000,10447000,10447000,10447000,10447000,10447000,10447000,10447000,10447000,10447000,10447000,10447000,10447000,10447000,10447000,10447000,10447000,10447000,10447000,10447000,10447000,10447000,10447000,10447000,10447000
hydrogen combustion turbine,0,0,0,0,0,0,0,0,0,0,0,0,0,0,0,0,0,0,0,0,0,0,0,0,0,0,0,0,0,0,0,0,0,0,0,0,0,0,0,0,0,0,0,0,0,0,0,0,0,0,0,0,0,0,0,0,0,0,0,0,0,0,0,0,0,0,0,0,0,9.85E+06,9.85E+06,9.85E+06,9.85E+06,9.85E+06,9.85E+06,9.85E+06,9.85E+06,9.85E+06,9.85E+06,9.85E+06,9.85E+06,9.85E+06,9.85E+06,9.85E+06,9.85E+06,9.85E+06,9.85E+06,9.85E+06,9.85E+06,9.85E+06,9.85E+06,9.85E+06,9.85E+06,9.85E+06,9.85E+06,9.85E+06,9.85E+06,9.85E+06,9.85E+06,9.85E+06,9.85E+06,9.85E+06,9.85E+06,9.85E+06,9.85E+06,9.85E+06,9.85E+06,9.85E+06,9.85E+06,9.85E+06,9.85E+06,9.85E+06,9.85E+06,9.85E+06,9.85E+06,9.85E+06,9.85E+06,9.85E+06,9.85E+06,9.85E+06,9.85E+06,9.85E+06,9.85E+06,9.22E+06,8.54E+06,1.07E+07,1.10E+07,1.12E+07,1.04E+07,1.07E+07,9.93E+06,1.01E+07,1.08E+07,1.08E+07,1.08E+07,1.08E+07,1.08E+07,1.08E+07,1.08E+07,1.08E+07,1.08E+07,1.08E+07,1.08E+07,1.08E+07,1.08E+07,1.08E+07,1.08E+07,1.08E+07,1.08E+07,1.08E+07,1.08E+07,1.08E+07,1.08E+07,1.08E+07,1.08E+07,1.08E+07,1.08E+07,1.08E+07,1.08E+07,1.08E+07,1.08E+07,1.08E+07,1.08E+07,1.08E+07,1.08E+07,1.08E+07,1.08E+07,1.08E+07,1.08E+07,1.08E+07,1.08E+07,1.08E+07,1.08E+07,1.08E+07,1.08E+07,1.08E+07,1.08E+07,1.08E+07,1.08E+07,1.08E+07,1.08E+07,1.08E+07,1.08E+07,1.08E+07,1.08E+07,1.08E+07,1.08E+07,1.08E+07,1.08E+07,1.08E+07,1.08E+07,1.08E+07,1.08E+07,1.08E+07,1.08E+07,1.08E+07,1.08E+07,1.08E+07,1.08E+07,1.08E+07,1.08E+07,1.08E+07,1.08E+07,1.08E+07,1.08E+07,1.08E+07,1.08E+07,1.08E+07,1.08E+07,1.08E+07
hydrogen combined cycle,0,0,0,0,0,0,0,0,0,0,0,0,0,0,0,0,0,0,0,0,0,0,0,0,0,0,0,0,0,0,0,0,0,0,0,0,0,0,0,0,0,0,0,0,0,0,0,0,0,0,0,0,0,0,0,0,0,0,0,0,0,0,0,0,0,0,0,0,0,7.40E+06,7.40E+06,7.40E+06,7.40E+06,7.40E+06,7.40E+06,7.40E+06,7.40E+06,7.40E+06,7.40E+06,7.40E+06,7.40E+06,7.40E+06,7.40E+06,7.40E+06,7.40E+06,7.40E+06,7.40E+06,7.40E+06,7.40E+06,7.40E+06,7.40E+06,7.40E+06,7.40E+06,7.40E+06,7.40E+06,7.40E+06,7.40E+06,7.40E+06,7.40E+06,7.40E+06,7.40E+06,7.40E+06,7.40E+06,7.40E+06,7.40E+06,7.40E+06,7.40E+06,7.40E+06,7.40E+06,7.40E+06,7.40E+06,7.40E+06,7.40E+06,7.40E+06,7.40E+06,7.40E+06,7.40E+06,7.40E+06,7.40E+06,7.40E+06,7.40E+06,7.40E+06,7.55E+06,7.38E+06,7.98E+06,8.80E+06,8.51E+06,8.87E+06,8.00E+06,7.82E+06,7.87E+06,9.21E+06,9.40E+06,9.40E+06,9.40E+06,9.40E+06,9.40E+06,9.40E+06,9.40E+06,9.40E+06,9.40E+06,9.40E+06,9.40E+06,9.40E+06,9.40E+06,9.40E+06,9.40E+06,9.40E+06,9.40E+06,9.40E+06,9.40E+06,9.40E+06,9.40E+06,9.40E+06,9.40E+06,9.40E+06,9.40E+06,9.40E+06,9.40E+06,9.40E+06,9.40E+06,9.40E+06,9.40E+06,9.40E+06,9.40E+06,9.40E+06,9.40E+06,9.40E+06,9.40E+06,9.40E+06,9.40E+06,9.40E+06,9.40E+06,9.40E+06,9.40E+06,9.40E+06,9.40E+06,9.40E+06,9.40E+06,9.40E+06,9.40E+06,9.40E+06,9.40E+06,9.40E+06,9.40E+06,9.40E+06,9.40E+06,9.40E+06,9.40E+06,9.40E+06,9.40E+06,9.40E+06,9.40E+06,9.40E+06,9.40E+06,9.40E+06,9.40E+06,9.40E+06,9.40E+06,9.40E+06,9.40E+06,9.40E+06,9.40E+06,9.40E+06,9.40E+06,9.40E+06,9.40E+06,9.40E+06,9.40E+06,9.40E+06
