Pollutant:,CO2,Unit: grams of CO2,,,,,,,,,,,,,,,,,,,,,,,,,,,,,,,,,,,,,,,,,,,,,,,,,,,,,,
,2015,2016,2017,2018,2019,2020,2021,2022,2023,2024,2025,2026,2027,2028,2029,2030,2031,2032,2033,2034,2035,2036,2037,2038,2039,2040,2041,2042,2043,2044,2045,2046,2047,2048,2049,2050,2051,2052,2053,2054,2055,2056,2057,2058,2059,2060,2061,2062,2063,2064,2065,2066,2067,2068,2069,2070
agriculture and forestry 01T03,1.095E+12,1.108E+12,1.121E+12,1.133E+12,1.146E+12,1.158E+12,1.170E+12,1.182E+12,1.193E+12,1.204E+12,1.215E+12,1.226E+12,1.236E+12,1.246E+12,1.256E+12,1.265E+12,1.275E+12,1.284E+12,1.292E+12,1.301E+12,1.309E+12,1.317E+12,1.325E+12,1.332E+12,1.339E+12,1.345E+12,1.351E+12,1.357E+12,1.363E+12,1.368E+12,1.373E+12,1.378E+12,1.382E+12,1.386E+12,1.390E+12,1.394E+12,1.40072E+12,1.40557E+12,1.41041E+12,1.41525E+12,1.42009E+12,1.42494E+12,1.42978E+12,1.43462E+12,1.43947E+12,1.44431E+12,1.44915E+12,1.45399E+12,1.45884E+12,1.46368E+12,1.46852E+12,1.47337E+12,1.47821E+12,1.48305E+12,1.48789E+12,1.49274E+12
coal mining 05,2.340E+10,2.418E+10,2.496E+10,2.574E+10,2.652E+10,2.730E+10,2.730E+10,2.730E+10,2.730E+10,2.730E+10,2.730E+10,2.730E+10,2.730E+10,2.730E+10,2.730E+10,2.730E+10,2.652E+10,2.574E+10,2.496E+10,2.418E+10,2.340E+10,2.340E+10,2.340E+10,2.340E+10,2.340E+10,2.340E+10,2.340E+10,2.340E+10,2.340E+10,2.340E+10,2.340E+10,2.340E+10,2.340E+10,2.340E+10,2.340E+10,2.340E+10,23400000000,23400000000,23400000000,23400000000,23400000000,23400000000,23400000000,23400000000,23400000000,23400000000,23400000000,23400000000,23400000000,23400000000,23400000000,23400000000,23400000000,23400000000,23400000000,23400000000
oil and gas extraction 06,0.000E+00,0.000E+00,0.000E+00,0.000E+00,0.000E+00,0.000E+00,0.000E+00,0.000E+00,0.000E+00,0.000E+00,0.000E+00,0.000E+00,0.000E+00,0.000E+00,0.000E+00,0.000E+00,0.000E+00,0.000E+00,0.000E+00,0.000E+00,0.000E+00,0.000E+00,0.000E+00,0.000E+00,0.000E+00,0.000E+00,0.000E+00,0.000E+00,0.000E+00,0.000E+00,0.000E+00,0.000E+00,0.000E+00,0.000E+00,0.000E+00,0.000E+00,0,0,0,0,0,0,0,0,0,0,0,0,0,0,0,0,0,0,0,0
other mining and quarrying 07T08,0.000E+00,0.000E+00,0.000E+00,0.000E+00,0.000E+00,0.000E+00,0.000E+00,0.000E+00,0.000E+00,0.000E+00,0.000E+00,0.000E+00,0.000E+00,0.000E+00,0.000E+00,0.000E+00,0.000E+00,0.000E+00,0.000E+00,0.000E+00,0.000E+00,0.000E+00,0.000E+00,0.000E+00,0.000E+00,0.000E+00,0.000E+00,0.000E+00,0.000E+00,0.000E+00,0.000E+00,0.000E+00,0.000E+00,0.000E+00,0.000E+00,0.000E+00,0,0,0,0,0,0,0,0,0,0,0,0,0,0,0,0,0,0,0,0
food beverage and tobacco 10T12,0.000E+00,0.000E+00,0.000E+00,0.000E+00,0.000E+00,0.000E+00,0.000E+00,0.000E+00,0.000E+00,0.000E+00,0.000E+00,0.000E+00,0.000E+00,0.000E+00,0.000E+00,0.000E+00,0.000E+00,0.000E+00,0.000E+00,0.000E+00,0.000E+00,0.000E+00,0.000E+00,0.000E+00,0.000E+00,0.000E+00,0.000E+00,0.000E+00,0.000E+00,0.000E+00,0.000E+00,0.000E+00,0.000E+00,0.000E+00,0.000E+00,0.000E+00,0,0,0,0,0,0,0,0,0,0,0,0,0,0,0,0,0,0,0,0
textiles apparel and leather 13T15,0.000E+00,0.000E+00,0.000E+00,0.000E+00,0.000E+00,0.000E+00,0.000E+00,0.000E+00,0.000E+00,0.000E+00,0.000E+00,0.000E+00,0.000E+00,0.000E+00,0.000E+00,0.000E+00,0.000E+00,0.000E+00,0.000E+00,0.000E+00,0.000E+00,0.000E+00,0.000E+00,0.000E+00,0.000E+00,0.000E+00,0.000E+00,0.000E+00,0.000E+00,0.000E+00,0.000E+00,0.000E+00,0.000E+00,0.000E+00,0.000E+00,0.000E+00,0,0,0,0,0,0,0,0,0,0,0,0,0,0,0,0,0,0,0,0
wood products 16,0.000E+00,0.000E+00,0.000E+00,0.000E+00,0.000E+00,0.000E+00,0.000E+00,0.000E+00,0.000E+00,0.000E+00,0.000E+00,0.000E+00,0.000E+00,0.000E+00,0.000E+00,0.000E+00,0.000E+00,0.000E+00,0.000E+00,0.000E+00,0.000E+00,0.000E+00,0.000E+00,0.000E+00,0.000E+00,0.000E+00,0.000E+00,0.000E+00,0.000E+00,0.000E+00,0.000E+00,0.000E+00,0.000E+00,0.000E+00,0.000E+00,0.000E+00,0,0,0,0,0,0,0,0,0,0,0,0,0,0,0,0,0,0,0,0
pulp paper and printing 17T18,0.000E+00,0.000E+00,0.000E+00,0.000E+00,0.000E+00,0.000E+00,0.000E+00,0.000E+00,0.000E+00,0.000E+00,0.000E+00,0.000E+00,0.000E+00,0.000E+00,0.000E+00,0.000E+00,0.000E+00,0.000E+00,0.000E+00,0.000E+00,0.000E+00,0.000E+00,0.000E+00,0.000E+00,0.000E+00,0.000E+00,0.000E+00,0.000E+00,0.000E+00,0.000E+00,0.000E+00,0.000E+00,0.000E+00,0.000E+00,0.000E+00,0.000E+00,0,0,0,0,0,0,0,0,0,0,0,0,0,0,0,0,0,0,0,0
refined petroleum and coke 19,0.000E+00,0.000E+00,0.000E+00,0.000E+00,0.000E+00,0.000E+00,0.000E+00,0.000E+00,0.000E+00,0.000E+00,0.000E+00,0.000E+00,0.000E+00,0.000E+00,0.000E+00,0.000E+00,0.000E+00,0.000E+00,0.000E+00,0.000E+00,0.000E+00,0.000E+00,0.000E+00,0.000E+00,0.000E+00,0.000E+00,0.000E+00,0.000E+00,0.000E+00,0.000E+00,0.000E+00,0.000E+00,0.000E+00,0.000E+00,0.000E+00,0.000E+00,0,0,0,0,0,0,0,0,0,0,0,0,0,0,0,0,0,0,0,0
chemicals 20,2.285E+12,2.336E+12,2.387E+12,2.437E+12,2.488E+12,2.539E+12,2.590E+12,2.641E+12,2.692E+12,2.743E+12,2.793E+12,2.844E+12,2.895E+12,2.946E+12,2.997E+12,3.048E+12,3.099E+12,3.149E+12,3.200E+12,3.251E+12,3.302E+12,3.353E+12,3.404E+12,3.454E+12,3.505E+12,3.556E+12,3.607E+12,3.658E+12,3.709E+12,3.760E+12,3.810E+12,3.861E+12,3.912E+12,3.963E+12,4.014E+12,4.065E+12,4.11556E+12,4.16641E+12,4.21726E+12,4.26811E+12,4.31897E+12,4.36982E+12,4.42067E+12,4.47152E+12,4.52237E+12,4.57322E+12,4.62408E+12,4.67493E+12,4.72578E+12,4.77663E+12,4.82748E+12,4.87834E+12,4.92919E+12,4.98004E+12,5.03089E+12,5.08174E+12
rubber and plastic products 22,0.000E+00,0.000E+00,0.000E+00,0.000E+00,0.000E+00,0.000E+00,0.000E+00,0.000E+00,0.000E+00,0.000E+00,0.000E+00,0.000E+00,0.000E+00,0.000E+00,0.000E+00,0.000E+00,0.000E+00,0.000E+00,0.000E+00,0.000E+00,0.000E+00,0.000E+00,0.000E+00,0.000E+00,0.000E+00,0.000E+00,0.000E+00,0.000E+00,0.000E+00,0.000E+00,0.000E+00,0.000E+00,0.000E+00,0.000E+00,0.000E+00,0.000E+00,0,0,0,0,0,0,0,0,0,0,0,0,0,0,0,0,0,0,0,0
glass and glass products 231,0.000E+00,0.000E+00,0.000E+00,0.000E+00,0.000E+00,0.000E+00,0.000E+00,0.000E+00,0.000E+00,0.000E+00,0.000E+00,0.000E+00,0.000E+00,0.000E+00,0.000E+00,0.000E+00,0.000E+00,0.000E+00,0.000E+00,0.000E+00,0.000E+00,0.000E+00,0.000E+00,0.000E+00,0.000E+00,0.000E+00,0.000E+00,0.000E+00,0.000E+00,0.000E+00,0.000E+00,0.000E+00,0.000E+00,0.000E+00,0.000E+00,0.000E+00,0,0,0,0,0,0,0,0,0,0,0,0,0,0,0,0,0,0,0,0
cement and other nonmetallic minerals 239,3.027E+13,3.079E+13,3.131E+13,3.183E+13,3.236E+13,3.288E+13,3.340E+13,3.392E+13,3.444E+13,3.497E+13,3.549E+13,3.601E+13,3.653E+13,3.706E+13,3.758E+13,3.810E+13,3.862E+13,3.915E+13,3.967E+13,4.019E+13,4.071E+13,4.123E+13,4.176E+13,4.228E+13,4.280E+13,4.332E+13,4.385E+13,4.437E+13,4.489E+13,4.541E+13,4.593E+13,4.646E+13,4.698E+13,4.750E+13,4.802E+13,4.855E+13,4.90687E+13,4.9591E+13,5.01133E+13,5.06356E+13,5.11579E+13,5.16801E+13,5.22024E+13,5.27247E+13,5.3247E+13,5.37693E+13,5.42916E+13,5.48139E+13,5.53362E+13,5.58585E+13,5.63808E+13,5.6903E+13,5.74253E+13,5.79476E+13,5.84699E+13,5.89922E+13
iron and steel 241,1.598E+13,1.618E+13,1.639E+13,1.659E+13,1.679E+13,1.700E+13,1.720E+13,1.740E+13,1.761E+13,1.781E+13,1.801E+13,1.822E+13,1.842E+13,1.862E+13,1.883E+13,1.903E+13,1.923E+13,1.944E+13,1.964E+13,1.984E+13,2.005E+13,2.025E+13,2.045E+13,2.066E+13,2.086E+13,2.106E+13,2.127E+13,2.147E+13,2.167E+13,2.188E+13,2.208E+13,2.228E+13,2.249E+13,2.269E+13,2.289E+13,2.310E+13,2.32985E+13,2.35018E+13,2.37051E+13,2.39084E+13,2.41117E+13,2.4315E+13,2.45183E+13,2.47215E+13,2.49248E+13,2.51281E+13,2.53314E+13,2.55347E+13,2.5738E+13,2.59412E+13,2.61445E+13,2.63478E+13,2.65511E+13,2.67544E+13,2.69577E+13,2.7161E+13
other metals 242,0.000E+00,0.000E+00,0.000E+00,0.000E+00,0.000E+00,0.000E+00,0.000E+00,0.000E+00,0.000E+00,0.000E+00,0.000E+00,0.000E+00,0.000E+00,0.000E+00,0.000E+00,0.000E+00,0.000E+00,0.000E+00,0.000E+00,0.000E+00,0.000E+00,0.000E+00,0.000E+00,0.000E+00,0.000E+00,0.000E+00,0.000E+00,0.000E+00,0.000E+00,0.000E+00,0.000E+00,0.000E+00,0.000E+00,0.000E+00,0.000E+00,0.000E+00,0,0,0,0,0,0,0,0,0,0,0,0,0,0,0,0,0,0,0,0
metal products except machinery and vehicles 25,0.000E+00,0.000E+00,0.000E+00,0.000E+00,0.000E+00,0.000E+00,0.000E+00,0.000E+00,0.000E+00,0.000E+00,0.000E+00,0.000E+00,0.000E+00,0.000E+00,0.000E+00,0.000E+00,0.000E+00,0.000E+00,0.000E+00,0.000E+00,0.000E+00,0.000E+00,0.000E+00,0.000E+00,0.000E+00,0.000E+00,0.000E+00,0.000E+00,0.000E+00,0.000E+00,0.000E+00,0.000E+00,0.000E+00,0.000E+00,0.000E+00,0.000E+00,0,0,0,0,0,0,0,0,0,0,0,0,0,0,0,0,0,0,0,0
computers and electronics 26,0.000E+00,0.000E+00,0.000E+00,0.000E+00,0.000E+00,0.000E+00,0.000E+00,0.000E+00,0.000E+00,0.000E+00,0.000E+00,0.000E+00,0.000E+00,0.000E+00,0.000E+00,0.000E+00,0.000E+00,0.000E+00,0.000E+00,0.000E+00,0.000E+00,0.000E+00,0.000E+00,0.000E+00,0.000E+00,0.000E+00,0.000E+00,0.000E+00,0.000E+00,0.000E+00,0.000E+00,0.000E+00,0.000E+00,0.000E+00,0.000E+00,0.000E+00,0,0,0,0,0,0,0,0,0,0,0,0,0,0,0,0,0,0,0,0
appliances and electrical equipment 27,0.000E+00,0.000E+00,0.000E+00,0.000E+00,0.000E+00,0.000E+00,0.000E+00,0.000E+00,0.000E+00,0.000E+00,0.000E+00,0.000E+00,0.000E+00,0.000E+00,0.000E+00,0.000E+00,0.000E+00,0.000E+00,0.000E+00,0.000E+00,0.000E+00,0.000E+00,0.000E+00,0.000E+00,0.000E+00,0.000E+00,0.000E+00,0.000E+00,0.000E+00,0.000E+00,0.000E+00,0.000E+00,0.000E+00,0.000E+00,0.000E+00,0.000E+00,0,0,0,0,0,0,0,0,0,0,0,0,0,0,0,0,0,0,0,0
other machinery 28,0.000E+00,0.000E+00,0.000E+00,0.000E+00,0.000E+00,0.000E+00,0.000E+00,0.000E+00,0.000E+00,0.000E+00,0.000E+00,0.000E+00,0.000E+00,0.000E+00,0.000E+00,0.000E+00,0.000E+00,0.000E+00,0.000E+00,0.000E+00,0.000E+00,0.000E+00,0.000E+00,0.000E+00,0.000E+00,0.000E+00,0.000E+00,0.000E+00,0.000E+00,0.000E+00,0.000E+00,0.000E+00,0.000E+00,0.000E+00,0.000E+00,0.000E+00,0,0,0,0,0,0,0,0,0,0,0,0,0,0,0,0,0,0,0,0
road vehicles 29,0.000E+00,0.000E+00,0.000E+00,0.000E+00,0.000E+00,0.000E+00,0.000E+00,0.000E+00,0.000E+00,0.000E+00,0.000E+00,0.000E+00,0.000E+00,0.000E+00,0.000E+00,0.000E+00,0.000E+00,0.000E+00,0.000E+00,0.000E+00,0.000E+00,0.000E+00,0.000E+00,0.000E+00,0.000E+00,0.000E+00,0.000E+00,0.000E+00,0.000E+00,0.000E+00,0.000E+00,0.000E+00,0.000E+00,0.000E+00,0.000E+00,0.000E+00,0,0,0,0,0,0,0,0,0,0,0,0,0,0,0,0,0,0,0,0
nonroad vehicles 30,0.000E+00,0.000E+00,0.000E+00,0.000E+00,0.000E+00,0.000E+00,0.000E+00,0.000E+00,0.000E+00,0.000E+00,0.000E+00,0.000E+00,0.000E+00,0.000E+00,0.000E+00,0.000E+00,0.000E+00,0.000E+00,0.000E+00,0.000E+00,0.000E+00,0.000E+00,0.000E+00,0.000E+00,0.000E+00,0.000E+00,0.000E+00,0.000E+00,0.000E+00,0.000E+00,0.000E+00,0.000E+00,0.000E+00,0.000E+00,0.000E+00,0.000E+00,0,0,0,0,0,0,0,0,0,0,0,0,0,0,0,0,0,0,0,0
other manufacturing 31T33,0.000E+00,0.000E+00,0.000E+00,0.000E+00,0.000E+00,0.000E+00,0.000E+00,0.000E+00,0.000E+00,0.000E+00,0.000E+00,0.000E+00,0.000E+00,0.000E+00,0.000E+00,0.000E+00,0.000E+00,0.000E+00,0.000E+00,0.000E+00,0.000E+00,0.000E+00,0.000E+00,0.000E+00,0.000E+00,0.000E+00,0.000E+00,0.000E+00,0.000E+00,0.000E+00,0.000E+00,0.000E+00,0.000E+00,0.000E+00,0.000E+00,0.000E+00,0,0,0,0,0,0,0,0,0,0,0,0,0,0,0,0,0,0,0,0
energy pipelines and gas processing 352T353,1.731E+13,1.743E+13,1.755E+13,1.768E+13,1.780E+13,1.792E+13,1.830E+13,1.868E+13,1.906E+13,1.945E+13,1.983E+13,1.995E+13,2.008E+13,2.021E+13,2.034E+13,2.046E+13,2.059E+13,2.072E+13,2.085E+13,2.097E+13,2.110E+13,2.161E+13,2.212E+13,2.263E+13,2.314E+13,2.365E+13,2.403E+13,2.441E+13,2.480E+13,2.518E+13,2.556E+13,2.594E+13,2.632E+13,2.671E+13,2.709E+13,2.747E+13,2.7854E+13,2.82362E+13,2.86185E+13,2.90008E+13,2.9383E+13,2.97653E+13,3.01475E+13,3.05298E+13,3.09121E+13,3.12943E+13,3.16766E+13,3.20588E+13,3.24411E+13,3.28234E+13,3.32056E+13,3.35879E+13,3.39701E+13,3.43524E+13,3.47347E+13,3.51169E+13
water and waste 36T39,0.000E+00,0.000E+00,0.000E+00,0.000E+00,0.000E+00,0.000E+00,0.000E+00,0.000E+00,0.000E+00,0.000E+00,0.000E+00,0.000E+00,0.000E+00,0.000E+00,0.000E+00,0.000E+00,0.000E+00,0.000E+00,0.000E+00,0.000E+00,0.000E+00,0.000E+00,0.000E+00,0.000E+00,0.000E+00,0.000E+00,0.000E+00,0.000E+00,0.000E+00,0.000E+00,0.000E+00,0.000E+00,0.000E+00,0.000E+00,0.000E+00,0.000E+00,0,0,0,0,0,0,0,0,0,0,0,0,0,0,0,0,0,0,0,0
construction 41T43,0.000E+00,0.000E+00,0.000E+00,0.000E+00,0.000E+00,0.000E+00,0.000E+00,0.000E+00,0.000E+00,0.000E+00,0.000E+00,0.000E+00,0.000E+00,0.000E+00,0.000E+00,0.000E+00,0.000E+00,0.000E+00,0.000E+00,0.000E+00,0.000E+00,0.000E+00,0.000E+00,0.000E+00,0.000E+00,0.000E+00,0.000E+00,0.000E+00,0.000E+00,0.000E+00,0.000E+00,0.000E+00,0.000E+00,0.000E+00,0.000E+00,0.000E+00,0,0,0,0,0,0,0,0,0,0,0,0,0,0,0,0,0,0,0,0
,,,,,,,,,,,,,,,,,,,,,,,,,,,,,,,,,,,,,,,,,,,,,,,,,,,,,,,,
,,,,,,,,,,,,,,,,,,,,,,,,,,,,,,,,,,,,,,,,,,,,,,,,,,,,,,,,
,,,,,,,,,,,,,,,,,,,,,,,,,,,,,,,,,,,,,,,,,,,,,,,,,,,,,,,,
,,,,,,,,,,,,,,,,,,,,,,,,,,,,,,,,,,,,,,,,,,,,,,,,,,,,,,,,
,,,,,,,,,,,,,,,,,,,,,,,,,,,,,,,,,,,,,,,,,,,,,,,,,,,,,,,,
,,,,,,,,,,,,,,,,,,,,,,,,,,,,,,,,,,,,,,,,,,,,,,,,,,,,,,,,
,,,,,,,,,,,,,,,,,,,,,,,,,,,,,,,,,,,,,,,,,,,,,,,,,,,,,,,,
,,,,,,,,,,,,,,,,,,,,,,,,,,,,,,,,,,,,,,,,,,,,,,,,,,,,,,,,
,,,,,,,,,,,,,,,,,,,,,,,,,,,,,,,,,,,,,,,,,,,,,,,,,,,,,,,,
,,,,,,,,,,,,,,,,,,,,,,,,,,,,,,,,,,,,,,,,,,,,,,,,,,,,,,,,
,,,,,,,,,,,,,,,,,,,,,,,,,,,,,,,,,,,,,,,,,,,,,,,,,,,,,,,,
,,,,,,,,,,,,,,,,,,,,,,,,,,,,,,,,,,,,,,,,,,,,,,,,,,,,,,,,
,,,,,,,,,,,,,,,,,,,,,,,,,,,,,,,,,,,,,,,,,,,,,,,,,,,,,,,,
,,,,,,,,,,,,,,,,,,,,,,,,,,,,,,,,,,,,,,,,,,,,,,,,,,,,,,,,
,,,,,,,,,,,,,,,,,,,,,,,,,,,,,,,,,,,,,,,,,,,,,,,,,,,,,,,,
,,,,,,,,,,,,,,,,,,,,,,,,,,,,,,,,,,,,,,,,,,,,,,,,,,,,,,,,
,,,,,,,,,,,,,,,,,,,,,,,,,,,,,,,,,,,,,,,,,,,,,,,,,,,,,,,,
,,,,,,,,,,,,,,,,,,,,,,,,,,,,,,,,,,,,,,,,,,,,,,,,,,,,,,,,
,,,,,,,,,,,,,,,,,,,,,,,,,,,,,,,,,,,,,,,,,,,,,,,,,,,,,,,,
,,,,,,,,,,,,,,,,,,,,,,,,,,,,,,,,,,,,,,,,,,,,,,,,,,,,,,,,
,,,,,,,,,,,,,,,,,,,,,,,,,,,,,,,,,,,,,,,,,,,,,,,,,,,,,,,,
,,,,,,,,,,,,,,,,,,,,,,,,,,,,,,,,,,,,,,,,,,,,,,,,,,,,,,,,
,,,,,,,,,,,,,,,,,,,,,,,,,,,,,,,,,,,,,,,,,,,,,,,,,,,,,,,,
,,,,,,,,,,,,,,,,,,,,,,,,,,,,,,,,,,,,,,,,,,,,,,,,,,,,,,,,
,,,,,,,,,,,,,,,,,,,,,,,,,,,,,,,,,,,,,,,,,,,,,,,,,,,,,,,,
,,,,,,,,,,,,,,,,,,,,,,,,,,,,,,,,,,,,,,,,,,,,,,,,,,,,,,,,
