Abatement Cost ($/ton CO2e),2010,2011,2012,2013,2014,2015,2016,2017,2018,2019,2020,2021,2022,2023,2024,2025,2026,2027,2028,2029,2030,2031,2032,2033,2034,2035,2036,2037,2038,2039,2040,2041,2042,2043,2044,2045,2046,2047,2048,2049,2050
-50,1.37901E+11,1.34348E+11,1.30795E+11,1.27242E+11,1.23689E+11,1.20136E+11,1.16583E+11,1.1303E+11,1.09477E+11,1.05923E+11,1.0237E+11,1.05937E+11,1.09504E+11,1.13071E+11,1.16638E+11,1.20204E+11,1.23771E+11,1.27338E+11,1.30905E+11,1.34472E+11,1.38039E+11,1.4683E+11,1.55621E+11,1.64412E+11,1.73204E+11,1.81995E+11,1.90786E+11,1.99577E+11,2.08369E+11,2.1716E+11,2.25951E+11,2.34743E+11,2.43534E+11,2.52325E+11,2.61116E+11,2.69908E+11,2.78699E+11,2.8749E+11,2.96281E+11,3.05073E+11,3.13864E+11
-49,0,0,0,0,0,0,0,0,0,0,0,0,0,0,0,0,0,0,0,0,0,0,0,0,0,0,0,0,0,0,0,0,0,0,0,0,0,0,0,0,0
-48,0,0,0,0,0,0,0,0,0,0,0,0,0,0,0,0,0,0,0,0,0,0,0,0,0,0,0,0,0,0,0,0,0,0,0,0,0,0,0,0,0
-47,0,0,0,0,0,0,0,0,0,0,0,0,0,0,0,0,0,0,0,0,0,0,0,0,0,0,0,0,0,0,0,0,0,0,0,0,0,0,0,0,0
-46,0,0,0,0,0,0,0,0,0,0,0,0,0,0,0,0,0,0,0,0,0,0,0,0,0,0,0,0,0,0,0,0,0,0,0,0,0,0,0,0,0
-45,0,0,0,0,0,0,0,0,0,0,0,0,0,0,0,0,0,0,0,0,0,0,0,0,0,0,0,0,0,0,0,0,0,0,0,0,0,0,0,0,0
-44,0,0,0,0,0,0,0,0,0,0,0,0,0,0,0,0,0,0,0,0,0,0,0,0,0,0,0,0,0,0,0,0,0,0,0,0,0,0,0,0,0
-43,0,0,0,0,0,0,0,0,0,0,0,0,0,0,0,0,0,0,0,0,0,0,0,0,0,0,0,0,0,0,0,0,0,0,0,0,0,0,0,0,0
-42,0,0,0,0,0,0,0,0,0,0,0,0,0,0,0,0,0,0,0,0,0,0,0,0,0,0,0,0,0,0,0,0,0,0,0,0,0,0,0,0,0
-41,0,0,0,0,0,0,0,0,0,0,0,0,0,0,0,0,0,0,0,0,0,0,0,0,0,0,0,0,0,0,0,0,0,0,0,0,0,0,0,0,0
-40,0,0,0,0,0,0,0,0,0,0,0,0,0,0,0,0,0,0,0,0,0,0,0,0,0,0,0,0,0,0,0,0,0,0,0,0,0,0,0,0,0
-39,0,0,0,0,0,0,0,0,0,0,0,0,0,0,0,0,0,0,0,0,0,0,0,0,0,0,0,0,0,0,0,0,0,0,0,0,0,0,0,0,0
-38,0,0,0,0,0,0,0,0,0,0,0,0,0,0,0,0,0,0,0,0,0,0,0,0,0,0,0,0,0,0,0,0,0,0,0,0,0,0,0,0,0
-37,0,0,0,0,0,0,0,0,0,0,0,0,0,0,0,0,0,0,0,0,0,0,0,0,0,0,0,0,0,0,0,0,0,0,0,0,0,0,0,0,0
-36,0,0,0,0,0,0,0,0,0,0,0,0,0,0,0,0,0,0,0,0,0,0,0,0,0,0,0,0,0,0,0,0,0,0,0,0,0,0,0,0,0
-35,0,0,0,0,0,0,0,0,0,0,0,4.98183E+11,9.96365E+11,1.49455E+12,1.99273E+12,2.49091E+12,2.9891E+12,3.48728E+12,3.98546E+12,4.48364E+12,4.98183E+12,5.2991E+12,5.61638E+12,5.93366E+12,6.25094E+12,6.56822E+12,6.8855E+12,7.20277E+12,7.52005E+12,7.83733E+12,8.15461E+12,8.47189E+12,8.78916E+12,9.10644E+12,9.42372E+12,9.741E+12,1.00583E+13,1.03756E+13,1.06928E+13,1.10101E+13,1.13274E+13
-34,0,0,0,0,0,0,0,0,0,0,0,0,0,0,0,0,0,0,0,0,0,0,0,0,0,0,0,0,0,0,0,0,0,0,0,0,0,0,0,0,0
-33,0,0,0,0,0,0,0,0,0,0,0,0,0,0,0,0,0,0,0,0,0,0,0,0,0,0,0,0,0,0,0,0,0,0,0,0,0,0,0,0,0
-32,0,3.69456E+11,7.38912E+11,1.10837E+12,1.47782E+12,1.84728E+12,2.21674E+12,2.58619E+12,2.95565E+12,3.3251E+12,3.69456E+12,3.3251E+12,2.95565E+12,2.58619E+12,2.21674E+12,1.84728E+12,1.47782E+12,1.10837E+12,7.38912E+11,3.69456E+11,0,0,0,0,0,0,0,0,0,0,0,0,0,0,0,0,0,0,0,0,0
-31,0,0,0,0,0,0,0,0,0,0,0,0,0,0,0,0,0,0,0,0,0,0,0,0,0,0,0,0,0,0,0,0,0,0,0,0,0,0,0,0,0
-30,0,0,0,0,0,0,0,0,0,0,0,0,0,0,0,0,0,0,0,0,0,0,0,0,0,0,0,0,0,0,0,0,0,0,0,0,0,0,0,0,0
-29,0,0,0,0,0,0,0,0,0,0,0,0,0,0,0,0,0,0,0,0,0,0,0,0,0,0,0,0,0,0,0,0,0,0,0,0,0,0,0,0,0
-28,0,0,0,0,0,0,0,0,0,0,0,0,0,0,0,0,0,0,0,0,0,0,0,0,0,0,0,0,0,0,0,0,0,0,0,0,0,0,0,0,0
-27,4.97687E+12,4.47918E+12,3.9815E+12,3.48381E+12,2.98612E+12,2.48844E+12,1.99075E+12,1.49306E+12,9.95374E+11,4.97687E+11,0,0,0,0,0,0,0,0,0,0,0,0,0,0,0,0,0,0,0,0,0,0,0,0,0,0,0,0,0,0,0
-26,0,0,0,0,0,0,0,0,0,0,0,0,0,0,0,0,0,0,0,0,0,0,0,0,0,0,0,0,0,0,0,0,0,0,0,0,0,0,0,0,0
-25,0,0,0,0,0,0,0,0,0,0,0,0,0,0,0,0,0,0,0,0,0,0,0,0,0,0,0,0,0,0,0,0,0,0,0,0,0,0,0,0,0
-24,0,0,0,0,0,0,0,0,0,0,0,0,0,0,0,0,0,0,0,0,0,0,0,0,0,0,0,0,0,0,0,0,0,0,0,0,0,0,0,0,0
-23,0,0,0,0,0,0,0,0,0,0,0,0,0,0,0,0,0,0,0,0,0,0,0,0,0,0,0,0,0,0,0,0,0,0,0,0,0,0,0,0,0
-22,0,0,0,0,0,0,0,0,0,0,0,0,0,0,0,0,0,0,0,0,0,0,0,0,0,0,0,0,0,0,0,0,0,0,0,0,0,0,0,0,0
-21,0,0,0,0,0,0,0,0,0,0,0,0,0,0,0,0,0,0,0,0,0,0,0,0,0,0,0,0,0,0,0,0,0,0,0,0,0,0,0,0,0
-20,0,0,0,0,0,0,0,0,0,0,0,0,0,0,0,0,0,0,0,0,0,0,0,0,0,0,0,0,0,0,0,0,0,0,0,0,0,0,0,0,0
-19,0,0,0,0,0,0,0,0,0,0,0,0,0,0,0,0,0,0,0,0,0,0,0,0,0,0,0,0,0,0,0,0,0,0,0,0,0,0,0,0,0
-18,0,0,0,0,0,0,0,0,0,0,0,1.40654E+11,2.81308E+11,4.21961E+11,5.62615E+11,7.03269E+11,8.43923E+11,9.84577E+11,1.12523E+12,1.26588E+12,1.40654E+12,1.49612E+12,1.58569E+12,1.67527E+12,1.76485E+12,1.85443E+12,1.94401E+12,2.03359E+12,2.12316E+12,2.21274E+12,2.30232E+12,2.3919E+12,2.48148E+12,2.57106E+12,2.66064E+12,2.75021E+12,2.83979E+12,2.92937E+12,3.01895E+12,3.10853E+12,3.19811E+12
-17,0,0,0,0,0,0,0,0,0,0,0,1.22171E+11,2.44342E+11,3.66513E+11,4.88684E+11,6.10855E+11,7.33026E+11,8.55197E+11,9.77368E+11,1.09954E+12,1.22171E+12,1.29952E+12,1.37732E+12,1.45513E+12,1.53294E+12,1.61075E+12,1.68855E+12,1.76636E+12,1.84417E+12,1.92197E+12,1.99978E+12,2.07759E+12,2.1554E+12,2.2332E+12,2.31101E+12,2.38882E+12,2.46663E+12,2.54443E+12,2.62224E+12,2.70005E+12,2.77785E+12
-16,0,0,0,0,0,0,0,0,0,0,0,51962351978,1.03925E+11,1.55887E+11,2.07849E+11,2.59812E+11,3.11774E+11,3.63736E+11,4.15699E+11,4.67661E+11,5.19624E+11,5.52717E+11,5.8581E+11,6.18904E+11,6.51997E+11,6.8509E+11,7.18183E+11,7.51277E+11,7.8437E+11,8.17463E+11,8.50557E+11,8.8365E+11,9.16743E+11,9.49837E+11,9.8293E+11,1.01602E+12,1.04912E+12,1.08221E+12,1.1153E+12,1.1484E+12,1.18149E+12
-15,0,68637596805,1.37275E+11,2.05913E+11,2.7455E+11,3.43188E+11,4.11826E+11,4.80463E+11,5.49101E+11,6.17738E+11,6.86376E+11,6.1809E+11,5.49805E+11,4.81519E+11,4.13234E+11,3.44948E+11,2.76663E+11,2.08377E+11,1.40092E+11,71806361380,3520849528,3745082317,3969315105,4193547893,4417780682,4642013470,4866246258,5090479046,5314711835,5538944623,5763177411,5987410200,6211642988,6435875776,6660108565,6884341353,7108574141,7332806930,7557039718,7781272506,8005505295
-14,0,67623899181,1.35248E+11,2.02872E+11,2.70496E+11,3.38119E+11,4.05743E+11,4.73367E+11,5.40991E+11,6.08615E+11,6.76239E+11,6.42595E+11,6.0895E+11,5.75306E+11,5.41662E+11,5.08017E+11,4.74373E+11,4.40728E+11,4.07084E+11,3.7344E+11,3.39795E+11,3.61436E+11,3.83077E+11,4.04717E+11,4.26358E+11,4.47998E+11,4.69639E+11,4.91279E+11,5.1292E+11,5.34561E+11,5.56201E+11,5.77842E+11,5.99482E+11,6.21123E+11,6.42764E+11,6.64404E+11,6.86045E+11,7.07685E+11,7.29326E+11,7.50967E+11,7.72607E+11
-13,0,97050382236,1.94101E+11,2.91151E+11,3.88202E+11,4.85252E+11,5.82302E+11,6.79353E+11,7.76403E+11,8.73453E+11,9.70504E+11,8.95962E+11,8.21419E+11,7.46877E+11,6.72335E+11,5.97793E+11,5.2325E+11,4.48708E+11,3.74166E+11,2.99624E+11,2.25081E+11,2.39416E+11,2.53751E+11,2.68086E+11,2.8242E+11,2.96755E+11,3.1109E+11,3.25425E+11,3.3976E+11,3.54094E+11,3.68429E+11,3.82764E+11,3.97099E+11,4.11433E+11,4.25768E+11,4.40103E+11,4.54438E+11,4.68773E+11,4.83107E+11,4.97442E+11,5.11777E+11
-12,0,397780292.4,795560584.9,1193340877,1591121170,1988901462,2386681755,2784462047,3182242340,3580022632,3977802924,3.27325E+11,6.50672E+11,9.74019E+11,1.29737E+12,1.62071E+12,1.94406E+12,2.26741E+12,2.59076E+12,2.9141E+12,3.23745E+12,3.44363E+12,3.64982E+12,3.856E+12,4.06219E+12,4.26837E+12,4.47455E+12,4.68074E+12,4.88692E+12,5.0931E+12,5.29929E+12,5.50547E+12,5.71166E+12,5.91784E+12,6.12402E+12,6.33021E+12,6.53639E+12,6.74258E+12,6.94876E+12,7.15494E+12,7.36113E+12
-11,0,10283294995,20566589989,30849884984,41133179979,51416474974,61699769968,71983064963,82266359958,92549654953,1.02833E+11,92818434681,82803919415,72789404149,62774888883,52760373617,42745858351,32731343085,22716827819,12702312553,2687797287,2858975372,3030153457,3201331542,3372509627,3543687712,3714865797,3886043882,4057221967,4228400053,4399578138,4570756223,4741934308,4913112393,5084290478,5255468563,5426646648,5597824733,5769002818,5940180903,6111358988
-10,8.1849E+11,7.66934E+11,7.15377E+11,6.6382E+11,6.12263E+11,5.60707E+11,5.0915E+11,4.57593E+11,4.06037E+11,3.5448E+11,3.02923E+11,2.74535E+11,2.46147E+11,2.17759E+11,1.89371E+11,1.60983E+11,1.32595E+11,1.04207E+11,75819124378,47431120004,19043115629,20255916938,21468718247,22681519556,23894320865,25107122174,26319923482,27532724791,28745526100,29958327409,31171128718,32383930027,33596731335,34809532644,36022333953,37235135262,38447936571,39660737879,40873539188,42086340497,43299141806
-9,0,0,0,0,0,0,0,0,0,0,0,0,0,0,0,0,0,0,0,0,0,0,0,0,0,0,0,0,0,0,0,0,0,0,0,0,0,0,0,0,0
-8,1.30735E+12,1.41647E+12,1.52559E+12,1.63471E+12,1.74383E+12,1.85295E+12,1.96207E+12,2.07119E+12,2.1803E+12,2.28942E+12,2.39854E+12,2.15933E+12,1.92012E+12,1.68091E+12,1.4417E+12,1.20249E+12,9.63283E+11,7.24073E+11,4.84863E+11,2.45653E+11,6442499918,6852804223,7263108529,7673412834,8083717139,8494021445,8904325750,9314630056,9724934361,10135238667,10545542972,10955847278,11366151583,11776455889,12186760194,12597064500,13007368805,13417673111,13827977416,14238281721,14648586027
-7,2787051087,3925231473,5063411859,6201592245,7339772631,8477953017,9616133403,10754313789,11892494175,13030674561,14168854947,20474431913,26780008878,33085585843,39391162808,45696739773,52002316738,58307893704,64613470669,70919047634,77224624599,82142839014,87061053428,91979267843,96897482257,1.01816E+11,1.06734E+11,1.11652E+11,1.1657E+11,1.21489E+11,1.26407E+11,1.31325E+11,1.36243E+11,1.41161E+11,1.4608E+11,1.50998E+11,1.55916E+11,1.60834E+11,1.65752E+11,1.70671E+11,1.75589E+11
-6,0,0,0,0,0,0,0,0,0,0,0,0,0,0,0,0,0,0,0,0,0,0,0,0,0,0,0,0,0,0,0,0,0,0,0,0,0,0,0,0,0
-5,4.08062E+11,3.93537E+11,3.79012E+11,3.64487E+11,3.49963E+11,3.35438E+11,3.20913E+11,3.06388E+11,2.91863E+11,2.77338E+11,2.62814E+11,2.36532E+11,2.10251E+11,1.8397E+11,1.57688E+11,1.31407E+11,1.05125E+11,78844098443,52562732295,26281366148,0,0,0,0,0,0,0,0,0,0,0,0,0,0,0,0,0,0,0,0,0
-4,23548125874,26920350336,30292574798,33664799260,37037023721,40409248183,43781472645,47153697107,50525921569,53898146031,57270370493,51700028409,46129686326,40559344242,34989002158,29418660075,23848317991,18277975908,12707633824,7137291741,1566949657,1666744178,1766538698,1866333219,1966127739,2065922260,2165716781,2265511301,2365305822,2465100342,2564894863,2664689384,2764483904,2864278425,2964072945,3063867466,3163661987,3263456507,3363251028,3463045548,3562840069
-3,0,0,0,0,0,0,0,0,0,0,0,0,0,0,0,0,0,0,0,0,0,0,0,0,0,0,0,0,0,0,0,0,0,0,0,0,0,0,0,0,0
-2,0,0,0,0,0,0,0,0,0,0,0,0,0,0,0,0,0,0,0,0,0,0,0,0,0,0,0,0,0,0,0,0,0,0,0,0,0,0,0,0,0
-1,0,0,0,0,0,0,0,0,0,0,0,0,0,0,0,0,0,0,0,0,0,0,0,0,0,0,0,0,0,0,0,0,0,0,0,0,0,0,0,0,0
0,3.54031E+11,3.18832E+11,2.83634E+11,2.48435E+11,2.13236E+11,1.78037E+11,1.42838E+11,1.07639E+11,72440574581,37241746279,2042917978,1838626180,1634334382,1430042584,1225750787,1021458989,817167191.1,612875393.3,408583595.6,204291797.8,0,0,0,0,0,0,0,0,0,0,0,0,0,0,0,0,0,0,0,0,0
1,5.01442E+11,4.82796E+11,4.6415E+11,4.45503E+11,4.26857E+11,4.08211E+11,3.89564E+11,3.70918E+11,3.52272E+11,3.33625E+11,3.14979E+11,3.26524E+11,3.3807E+11,3.49615E+11,3.61161E+11,3.72706E+11,3.84252E+11,3.95797E+11,4.07343E+11,4.18889E+11,4.30434E+11,4.57847E+11,4.8526E+11,5.12673E+11,5.40086E+11,5.675E+11,5.94913E+11,6.22326E+11,6.49739E+11,6.77152E+11,7.04565E+11,7.31978E+11,7.59391E+11,7.86804E+11,8.14218E+11,8.41631E+11,8.69044E+11,8.96457E+11,9.2387E+11,9.51283E+11,9.78696E+11
2,4.27049E+11,3.84344E+11,3.41639E+11,2.98934E+11,2.5623E+11,2.13525E+11,1.7082E+11,1.28115E+11,85409847940,42704923970,0,891421720.8,1782843442,2674265162,3565686883,4457108604,5348530325,6239952045,7131373766,8022795487,8914217208,9481938084,10049658961,10617379837,11185100714,11752821590,12320542467,12888263343,13455984220,14023705096,14591425973,15159146849,15726867726,16294588602,16862309479,17430030355,17997751232,18565472108,19133192985,19700913861,20268634738
3,1225284414,1102755973,980227531.6,857699090.1,735170648.7,612642207.2,490113765.8,367585324.3,245056882.9,122528441.4,0,0,0,0,0,0,0,0,0,0,0,0,0,0,0,0,0,0,0,0,0,0,0,0,0,0,0,0,0,0,0
4,1565390998,1818601143,2071811288,2325021433,2578231578,2831441723,3084651868,3337862013,3591072158,3844282303,4097492448,14934522586,25771552724,36608582862,47445613000,58282643138,69119673276,79956703414,90793733552,1.01631E+11,1.12468E+11,1.19631E+11,1.26793E+11,1.33956E+11,1.41119E+11,1.48282E+11,1.55444E+11,1.62607E+11,1.6977E+11,1.76933E+11,1.84095E+11,1.91258E+11,1.98421E+11,2.05584E+11,2.12746E+11,2.19909E+11,2.27072E+11,2.34235E+11,2.41397E+11,2.4856E+11,2.55723E+11
5,2751975301,2497166349,2242357397,1987548444,1732739492,1477930540,1223121587,968312635,713503682.7,458694730.3,203885778,184594745.7,165303713.3,146012681,126721648.7,107430616.3,88139583.98,68848551.64,49557519.3,30266486.96,10975454.62,11674449.79,12373444.95,13072440.12,13771435.28,14470430.44,15169425.61,15868420.77,16567415.94,17266411.1,17965406.26,18664401.43,19363396.59,20062391.76,20761386.92,21460382.09,22159377.25,22858372.41,23557367.58,24256362.74,24955357.91
6,7309691.496,661494340.1,1315678989,1969863637,2624048286,3278232935,3932417583,4586602232,5240786881,5894971529,6549156178,8322666283,10096176388,11869686493,13643196598,15416706703,17190216809,18963726914,20737237019,22510747124,24284257229,25830851785,27377446340,28924040895,30470635451,32017230006,33563824562,35110419117,36657013673,38203608228,39750202783,41296797339,42843391894,44389986450,45936581005,47483175561,49029770116,50576364672,52122959227,53669553782,55216148338
7,0,0,0,0,0,0,0,0,0,0,0,0,0,0,0,0,0,0,0,0,0,0,0,0,0,0,0,0,0,0,0,0,0,0,0,0,0,0,0,0,0
8,2.05678E+11,2.00381E+11,1.95083E+11,1.89786E+11,1.84489E+11,1.79192E+11,1.73895E+11,1.68598E+11,1.633E+11,1.58003E+11,1.52706E+11,1.58024E+11,1.63341E+11,1.68659E+11,1.73977E+11,1.79294E+11,1.84612E+11,1.8993E+11,1.95247E+11,2.00565E+11,2.05883E+11,2.18995E+11,2.32107E+11,2.45219E+11,2.58331E+11,2.71443E+11,2.84555E+11,2.97667E+11,3.10779E+11,3.23891E+11,3.37003E+11,3.50115E+11,3.63227E+11,3.7634E+11,3.89452E+11,4.02564E+11,4.15676E+11,4.28788E+11,4.419E+11,4.55012E+11,4.68124E+11
9,0,0,0,0,0,0,0,0,0,0,0,0,0,0,0,0,0,0,0,0,0,0,0,0,0,0,0,0,0,0,0,0,0,0,0,0,0,0,0,0,0
10,326156427.1,297753088.3,269349749.5,240946410.7,212543071.9,184139733.1,155736394.3,127333055.5,98929716.67,70526377.86,42123039.06,3124832834,6207542629,9290252424,12372962219,15455672014,18538381809,21621091604,24703801399,27786511194,30869220989,32835192962,34801164936,36767136909,38733108883,40699080857,42665052830,44631024804,46596996777,48562968751,50528940725,52494912698,54460884672,56426856645,58392828619,60358800593,62324772566,64290744540,66256716513,68222688487,70188660461
11,8822241637,7940618590,7058995543,6177372496,5295749449,4414126402,3532503355,2650880308,1769257261,887634214.3,6011167.298,6103253.321,6195339.344,6287425.368,6379511.391,6471597.415,6563683.438,6655769.461,6747855.485,6839941.508,6932027.532,7373508.444,7814989.356,8256470.269,8697951.181,9139432.094,9580913.006,10022393.92,10463874.83,10905355.74,11346836.66,11788317.57,12229798.48,12671279.39,13112760.31,13554241.22,13995722.13,14437203.04,14878683.95,15320164.87,15761645.78
12,0,0,0,0,0,0,0,0,0,0,0,0,0,0,0,0,0,0,0,0,0,0,0,0,0,0,0,0,0,0,0,0,0,0,0,0,0,0,0,0,0
13,29424658.42,2316217999,4603011339,6889804679,9176598019,11463391359,13750184699,16036978039,18323771379,20610564719,22897358059,20607622253,18317886447,16028150642,13738414836,11448679030,9158943224,6869207418,4579471612,2289735806,0,0,0,0,0,0,0,0,0,0,0,0,0,0,0,0,0,0,0,0,0
14,24260101462,21834304842,19408508222,16982711601,14556914981,12131118361,9705321741,7279525121,4853728501,2427931881,2135260.831,2573694.142,3012127.453,3450560.765,3888994.076,4327427.387,4765860.699,5204294.01,5642727.321,6081160.633,6519593.944,6934808.147,7350022.349,7765236.552,8180450.754,8595664.956,9010879.159,9426093.361,9841307.564,10256521.77,10671735.97,11086950.17,11502164.37,11917378.58,12332592.78,12747806.98,13163021.18,13578235.39,13993449.59,14408663.79,14823877.99
15,0,0,0,0,0,0,0,0,0,0,0,0,0,0,0,0,0,0,0,0,0,0,0,0,0,0,0,0,0,0,0,0,0,0,0,0,0,0,0,0,0
16,64840658.55,58356592.69,51872526.84,45388460.98,38904395.13,32420329.27,25936263.42,19452197.56,12968131.71,6484065.855,0,1705447.117,3410894.234,5116341.351,6821788.468,8527235.585,10232682.7,11938129.82,13643576.94,15349024.05,17054471.17,18140621.43,19226771.69,20312921.94,21399072.2,22485222.46,23571372.72,24657522.98,25743673.23,26829823.49,27915973.75,29002124.01,30088274.27,31174424.52,32260574.78,33346725.04,34432875.3,35519025.56,36605175.81,37691326.07,38777476.33
17,0,483498.0585,966996.117,1450494.176,1933992.234,2417490.293,2900988.351,3384486.41,3867984.468,4351482.527,4834980.585,4351482.527,3867984.468,3384486.41,2900988.351,2417490.293,1933992.234,1450494.176,966996.117,483498.0585,0,0,0,0,0,0,0,0,0,0,0,0,0,0,0,0,0,0,0,0,0
18,30844588245,27760129420,24675670596,21591211771,18506752947,15422294122,12337835298,9253376473,6168917649,3084458824,0,27498589590,54997179181,82495768771,1.09994E+11,1.37493E+11,1.64992E+11,1.9249E+11,2.19989E+11,2.47487E+11,2.74986E+11,2.92499E+11,3.10012E+11,3.27525E+11,3.45038E+11,3.62551E+11,3.80064E+11,3.97577E+11,4.1509E+11,4.32603E+11,4.50117E+11,4.6763E+11,4.85143E+11,5.02656E+11,5.20169E+11,5.37682E+11,5.55195E+11,5.72708E+11,5.90221E+11,6.07734E+11,6.25247E+11
19,2876368.571,3853504.301,4830640.031,5807775.761,6784911.491,7762047.221,8739182.951,9716318.681,10693454.41,11670590.14,12647725.87,15935202921,31857758116,47780313311,63702868505,79625423700,95547978895,1.11471E+11,1.27393E+11,1.43316E+11,1.59238E+11,1.6938E+11,1.79521E+11,1.89662E+11,1.99804E+11,2.09945E+11,2.20087E+11,2.30228E+11,2.4037E+11,2.50511E+11,2.60652E+11,2.70794E+11,2.80935E+11,2.91077E+11,3.01218E+11,3.1136E+11,3.21501E+11,3.31642E+11,3.41784E+11,3.51925E+11,3.62067E+11
20,4048763.611,3643887.25,3239010.888,2834134.527,2429258.166,2024381.805,1619505.444,1214629.083,809752.7221,404876.3611,0,0,0,0,0,0,0,0,0,0,0,0,0,0,0,0,0,0,0,0,0,0,0,0,0,0,0,0,0,0,0
21,0,11271353029,22542706058,33814059087,45085412116,56356765145,67628118174,78899471203,90170824232,1.01442E+11,1.12714E+11,1.01443E+11,90172040709,78901295919,67630551129,56359806339,45089061549,33818316758,22547571968,11276827178,6082387.855,6469757.658,6857127.461,7244497.264,7631867.067,8019236.87,8406606.673,8793976.476,9181346.279,9568716.082,9956085.886,10343455.69,10730825.49,11118195.29,11505565.1,11892934.9,12280304.7,12667674.51,13055044.31,13442414.11,13829783.92
22,6513108.847,20936898822,41867284536,62797670249,83728055963,1.04658E+11,1.25589E+11,1.46519E+11,1.6745E+11,1.8838E+11,2.0931E+11,1.95139E+11,1.80968E+11,1.66797E+11,1.52626E+11,1.38455E+11,1.24284E+11,1.10113E+11,95941404342,81770283604,67599162866,71904359284,76209555703,80514752121,84819948539,89125144957,93430341375,97735537794,1.02041E+11,1.06346E+11,1.10651E+11,1.14956E+11,1.19262E+11,1.23567E+11,1.27872E+11,1.32177E+11,1.36482E+11,1.40788E+11,1.45093E+11,1.49398E+11,1.53703E+11
23,0,0,0,0,0,0,0,0,0,0,0,69633278.14,139266556.3,208899834.4,278533112.6,348166390.7,417799668.8,487432947,557066225.1,626699503.3,696332781.4,740680215.1,785027648.9,829375082.6,873722516.4,918069950.1,962417383.9,1006764818,1051112251,1095459685,1139807119,1184154553,1228501986,1272849420,1317196854,1361544288,1405891721,1450239155,1494586589,1538934023,1583281456
24,17037506.93,15784830.76,14532154.59,13279478.42,12026802.25,10774126.08,9521449.903,8268773.731,7016097.56,5763421.388,4510745.216,4059670.694,3608596.173,3157521.651,2706447.13,2255372.608,1804298.086,1353223.565,902149.0432,451074.5216,0,0,0,0,0,0,0,0,0,0,0,0,0,0,0,0,0,0,0,0,0
25,0,5013205467,10026410934,15039616401,20052821868,25066027335,30079232803,35092438270,40105643737,45118849204,50132054671,45118849204,40105643737,35092438270,30079232803,25066027335,20052821868,15039616401,10026410934,5013205467,0,0,0,0,0,0,0,0,0,0,0,0,0,0,0,0,0,0,0,0,0
26,0,0,0,0,0,0,0,0,0,0,0,0,0,0,0,0,0,0,0,0,0,0,0,0,0,0,0,0,0,0,0,0,0,0,0,0,0,0,0,0,0
27,2.82146E+11,2.53997E+11,2.25848E+11,1.97699E+11,1.6955E+11,1.41401E+11,1.13252E+11,85103146983,56954142650,28805138318,656133985.9,609361856,562589726.1,515817596.2,469045466.2,422273336.3,375501206.4,328729076.5,281956946.6,235184816.6,188412686.7,200412149.3,212411611.8,224411074.4,236410536.9,248409999.5,260409462.1,272408924.6,284408387.2,296407849.8,308407312.3,320406774.9,332406237.4,344405700,356405162.6,368404625.1,380404087.7,392403550.2,404403012.8,416402475.4,428401937.9
28,0,0,0,0,0,0,0,0,0,0,0,0,0,0,0,0,0,0,0,0,0,0,0,0,0,0,0,0,0,0,0,0,0,0,0,0,0,0,0,0,0
29,3043756.33,2739380.697,2435005.064,2130629.431,1826253.798,1521878.165,1217502.532,913126.8989,608751.2659,304375.633,0,0,0,0,0,0,0,0,0,0,0,0,0,0,0,0,0,0,0,0,0,0,0,0,0,0,0,0,0,0,0
30,67534953957,60781458561,54027963166,47274467770,40520972374,33767476979,27013981583,20260486187,13506990791,6753495396,0,0,0,0,0,0,0,0,0,0,0,0,0,0,0,0,0,0,0,0,0,0,0,0,0,0,0,0,0,0,0
31,0,0,0,0,0,0,0,0,0,0,0,0,0,0,0,0,0,0,0,0,0,0,0,0,0,0,0,0,0,0,0,0,0,0,0,0,0,0,0,0,0
32,695640133,626076119.7,556512106.4,486948093.1,417384079.8,347820066.5,278256053.2,208692039.9,139128026.6,69564013.3,0,0,0,0,0,0,0,0,0,0,0,0,0,0,0,0,0,0,0,0,0,0,0,0,0,0,0,0,0,0,0
33,0,0,0,0,0,0,0,0,0,0,0,164281.0621,328562.1242,492843.1863,657124.2485,821405.3106,985686.3727,1149967.435,1314248.497,1478529.559,1642810.621,1747436.509,1852062.396,1956688.283,2061314.171,2165940.058,2270565.946,2375191.833,2479817.72,2584443.608,2689069.495,2793695.382,2898321.27,3002947.157,3107573.045,3212198.932,3316824.819,3421450.707,3526076.594,3630702.482,3735328.369
34,0,0,0,0,0,0,0,0,0,0,0,0,0,0,0,0,0,0,0,0,0,0,0,0,0,0,0,0,0,0,0,0,0,0,0,0,0,0,0,0,0
35,1165602418,1135570211,1105538004,1075505796,1045473589,1015441381,985409173.9,955376966.4,925344759,895312551.6,865280344.1,895428610.5,925576876.9,955725143.3,985873409.7,1016021676,1046169942,1076318209,1106466475,1136614742,1166763008,1241070791,1315378574,1389686357,1463994140,1538301923,1612609706,1686917489,1761225272,1835533055,1909840838,1984148621,2058456404,2132764187,2207071970,2281379753,2355687536,2429995319,2504303101,2578610884,2652918667
36,9091276070,8182270296,7273264521,6364258746,5455252971,4546247196,3637241421,2728235646,1819229871,910224095.8,1218320.884,1480386.471,1742452.059,2004517.646,2266583.234,2528648.821,2790714.409,3052779.996,3314845.584,3576911.171,3838976.759,4083470.156,4327963.554,4572456.951,4816950.349,5061443.746,5305937.144,5550430.541,5794923.938,6039417.336,6283910.733,6528404.131,6772897.528,7017390.926,7261884.323,7506377.72,7750871.118,7995364.515,8239857.913,8484351.31,8728844.707
37,0,0,0,0,0,0,0,0,0,0,0,0,0,0,0,0,0,0,0,0,0,0,0,0,0,0,0,0,0,0,0,0,0,0,0,0,0,0,0,0,0
38,0,0,0,0,0,0,0,0,0,0,0,0,0,0,0,0,0,0,0,0,0,0,0,0,0,0,0,0,0,0,0,0,0,0,0,0,0,0,0,0,0
39,0,284701.444,569402.888,854104.332,1138805.776,1423507.22,1708208.664,1992910.108,2277611.552,2562312.996,2847014.44,1046119494,2089391974,3132664453,4175936933,5219209412,6262481892,7305754371,8349026851,9392299330,10435571810,11100183389,11764794968,12429406547,13094018126,13758629705,14423241285,15087852864,15752464443,16417076022,17081687601,17746299180,18410910759,19075522338,19740133917,20404745496,21069357075,21733968655,22398580234,23063191813,23727803392
40,0,0,0,0,0,0,0,0,0,0,0,0,0,0,0,0,0,0,0,0,0,0,0,0,0,0,0,0,0,0,0,0,0,0,0,0,0,0,0,0,0
41,1641176.503,1477058.853,1312941.203,1148823.552,984705.9019,820588.2516,656470.6013,492352.9509,328235.3006,164117.6503,0,140293.5465,280587.093,420880.6394,561174.1859,701467.7324,841761.2789,982054.8254,1122348.372,1262641.918,1402935.465,1492284.393,1581633.321,1670982.249,1760331.177,1849680.105,1939029.033,2028377.961,2117726.889,2207075.817,2296424.745,2385773.673,2475122.601,2564471.529,2653820.457,2743169.385,2832518.313,2921867.241,3011216.169,3100565.097,3189914.025
42,0,773909963.3,1547819927,2321729890,3095639853,3869549816,4643459780,5417369743,6191279706,6965189669,7739099633,6965189669,6191279706,5417369743,4643459780,3869549816,3095639853,2321729890,1547819927,773909963.3,0,0,0,0,0,0,0,0,0,0,0,0,0,0,0,0,0,0,0,0,0
43,0,0,0,0,0,0,0,0,0,0,0,0,0,0,0,0,0,0,0,0,0,0,0,0,0,0,0,0,0,0,0,0,0,0,0,0,0,0,0,0,0
44,3835158.095,3451642.286,3068126.476,2684610.667,2301094.857,1917579.048,1534063.238,1150547.429,767031.619,383515.8095,0,191948.838,383897.6761,575846.5141,767795.3522,959744.1902,1151693.028,1343641.866,1535590.704,1727539.542,1919488.38,2041735.079,2163981.778,2286228.477,2408475.176,2530721.874,2652968.573,2775215.272,2897461.971,3019708.669,3141955.368,3264202.067,3386448.766,3508695.465,3630942.163,3753188.862,3875435.561,3997682.26,4119928.958,4242175.657,4364422.356
45,0,104042.764,208085.528,312128.292,416171.056,520213.82,624256.584,728299.348,832342.112,936384.876,1040427.64,936384.876,832342.112,728299.348,624256.584,520213.82,416171.056,312128.292,208085.528,104042.764,0,0,0,0,0,0,0,0,0,0,0,0,0,0,0,0,0,0,0,0,0
46,0,0,0,0,0,0,0,0,0,0,0,0,0,0,0,0,0,0,0,0,0,0,0,0,0,0,0,0,0,0,0,0,0,0,0,0,0,0,0,0,0
47,10425191454,9382814659,8340437864,7298061070,6255684275,5213307480,4170930686,3128553891,2086177096,1043800302,1423507.219,1281156.497,1138805.775,996455.0534,854104.3315,711753.6096,569402.8877,427052.1658,284701.4438,142350.7219,0,0,0,0,0,0,0,0,0,0,0,0,0,0,0,0,0,0,0,0,0
48,0,0,0,0,0,0,0,0,0,0,0,0,0,0,0,0,0,0,0,0,0,0,0,0,0,0,0,0,0,0,0,0,0,0,0,0,0,0,0,0,0
49,0,0,0,0,0,0,0,0,0,0,0,0,0,0,0,0,0,0,0,0,0,0,0,0,0,0,0,0,0,0,0,0,0,0,0,0,0,0,0,0,0
50,1401539.953,1261385.957,1121231.962,981077.9668,840923.9715,700769.9763,560615.981,420461.9858,280307.9905,140153.9953,0,0,0,0,0,0,0,0,0,0,0,0,0,0,0,0,0,0,0,0,0,0,0,0,0,0,0,0,0,0,0
51,0,0,0,0,0,0,0,0,0,0,0,28761096218,57522192436,86283288654,1.15044E+11,1.43805E+11,1.72567E+11,2.01328E+11,2.30089E+11,2.5885E+11,2.87611E+11,3.05928E+11,3.24245E+11,3.42562E+11,3.60879E+11,3.79197E+11,3.97514E+11,4.15831E+11,4.34148E+11,4.52465E+11,4.70782E+11,4.89099E+11,5.07416E+11,5.25733E+11,5.44051E+11,5.62368E+11,5.80685E+11,5.99002E+11,6.17319E+11,6.35636E+11,6.53953E+11
52,0,0,0,0,0,0,0,0,0,0,0,0,0,0,0,0,0,0,0,0,0,0,0,0,0,0,0,0,0,0,0,0,0,0,0,0,0,0,0,0,0
53,0,0,0,0,0,0,0,0,0,0,0,0,0,0,0,0,0,0,0,0,0,0,0,0,0,0,0,0,0,0,0,0,0,0,0,0,0,0,0,0,0
54,0,21329448278,42658896556,63988344834,85317793112,1.06647E+11,1.27977E+11,1.49306E+11,1.70636E+11,1.91965E+11,2.13294E+11,1.91965E+11,1.70636E+11,1.49306E+11,1.27977E+11,1.06648E+11,85318490050,63989157928,42659825806,21330493684,1161562.084,1235538.636,1309515.187,1383491.738,1457468.289,1531444.84,1605421.391,1679397.942,1753374.493,1827351.044,1901327.595,1975304.146,2049280.698,2123257.249,2197233.8,2271210.351,2345186.902,2419163.453,2493140.004,2567116.555,2641093.106
55,0,0,0,0,0,0,0,0,0,0,0,0,0,0,0,0,0,0,0,0,0,0,0,0,0,0,0,0,0,0,0,0,0,0,0,0,0,0,0,0,0
56,0,0,0,0,0,0,0,0,0,0,0,0,0,0,0,0,0,0,0,0,0,0,0,0,0,0,0,0,0,0,0,0,0,0,0,0,0,0,0,0,0
57,0,86142.33007,172284.6601,258426.9902,344569.3203,430711.6504,516853.9804,602996.3105,689138.6406,775280.9707,861423.3007,775280.9707,689138.6406,602996.3105,516853.9804,430711.6504,344569.3203,258426.9902,172284.6601,86142.33007,0,0,0,0,0,0,0,0,0,0,0,0,0,0,0,0,0,0,0,0,0
58,0,0,0,0,0,0,0,0,0,0,0,0,0,0,0,0,0,0,0,0,0,0,0,0,0,0,0,0,0,0,0,0,0,0,0,0,0,0,0,0,0
59,2.87325E+11,2.58592E+11,2.2986E+11,2.01127E+11,1.72395E+11,1.43662E+11,1.1493E+11,86197461897,57464974598,28732487299,0,0,0,0,0,0,0,0,0,0,0,0,0,0,0,0,0,0,0,0,0,0,0,0,0,0,0,0,0,0,0
60,0,0,0,0,0,0,0,0,0,0,0,0,0,0,0,0,0,0,0,0,0,0,0,0,0,0,0,0,0,0,0,0,0,0,0,0,0,0,0,0,0
61,0,0,0,0,0,0,0,0,0,0,0,0,0,0,0,0,0,0,0,0,0,0,0,0,0,0,0,0,0,0,0,0,0,0,0,0,0,0,0,0,0
62,1160406.669,1044366.002,928325.3348,812284.668,696244.0011,580203.3343,464162.6674,348122.0006,232081.3337,116040.6669,0,0,0,0,0,0,0,0,0,0,0,0,0,0,0,0,0,0,0,0,0,0,0,0,0,0,0,0,0,0,0
63,0,0,0,0,0,0,0,0,0,0,0,0,0,0,0,0,0,0,0,0,0,0,0,0,0,0,0,0,0,0,0,0,0,0,0,0,0,0,0,0,0
64,0,0,0,0,0,0,0,0,0,0,0,0,0,0,0,0,0,0,0,0,0,0,0,0,0,0,0,0,0,0,0,0,0,0,0,0,0,0,0,0,0
65,0,0,0,0,0,0,0,0,0,0,0,0,0,0,0,0,0,0,0,0,0,0,0,0,0,0,0,0,0,0,0,0,0,0,0,0,0,0,0,0,0
66,0,0,0,0,0,0,0,0,0,0,0,0,0,0,0,0,0,0,0,0,0,0,0,0,0,0,0,0,0,0,0,0,0,0,0,0,0,0,0,0,0
67,0,0,0,0,0,0,0,0,0,0,0,0,0,0,0,0,0,0,0,0,0,0,0,0,0,0,0,0,0,0,0,0,0,0,0,0,0,0,0,0,0
68,0,0,0,0,0,0,0,0,0,0,0,0,0,0,0,0,0,0,0,0,0,0,0,0,0,0,0,0,0,0,0,0,0,0,0,0,0,0,0,0,0
69,0,0,0,0,0,0,0,0,0,0,0,0,0,0,0,0,0,0,0,0,0,0,0,0,0,0,0,0,0,0,0,0,0,0,0,0,0,0,0,0,0
70,0,0,0,0,0,0,0,0,0,0,0,0,0,0,0,0,0,0,0,0,0,0,0,0,0,0,0,0,0,0,0,0,0,0,0,0,0,0,0,0,0
71,0,0,0,0,0,0,0,0,0,0,0,0,0,0,0,0,0,0,0,0,0,0,0,0,0,0,0,0,0,0,0,0,0,0,0,0,0,0,0,0,0
72,0,0,0,0,0,0,0,0,0,0,0,15788531061,31577062123,47365593184,63154124246,78942655307,94731186369,1.1052E+11,1.26308E+11,1.42097E+11,1.57885E+11,1.67941E+11,1.77996E+11,1.88051E+11,1.98106E+11,2.08162E+11,2.18217E+11,2.28272E+11,2.38327E+11,2.48383E+11,2.58438E+11,2.68493E+11,2.78548E+11,2.88604E+11,2.98659E+11,3.08714E+11,3.18769E+11,3.28825E+11,3.3888E+11,3.48935E+11,3.58991E+11
73,0,0,0,0,0,0,0,0,0,0,0,0,0,0,0,0,0,0,0,0,0,0,0,0,0,0,0,0,0,0,0,0,0,0,0,0,0,0,0,0,0
74,0,0,0,0,0,0,0,0,0,0,0,0,0,0,0,0,0,0,0,0,0,0,0,0,0,0,0,0,0,0,0,0,0,0,0,0,0,0,0,0,0
75,0,11708895033,23417790067,35126685100,46835580134,58544475167,70253370200,81962265234,93671160267,1.0538E+11,1.17089E+11,1.0538E+11,93671160267,81962265234,70253370200,58544475167,46835580134,35126685100,23417790067,11708895033,0,0,0,0,0,0,0,0,0,0,0,0,0,0,0,0,0,0,0,0,0
76,0,0,0,0,0,0,0,0,0,0,0,0,0,0,0,0,0,0,0,0,0,0,0,0,0,0,0,0,0,0,0,0,0,0,0,0,0,0,0,0,0
77,0,0,0,0,0,0,0,0,0,0,0,219041.4162,438082.8323,657124.2485,876165.6646,1095207.081,1314248.497,1533289.913,1752331.329,1971372.745,2190414.162,2329915.345,2469416.528,2608917.711,2748418.894,2887920.077,3027421.261,3166922.444,3306423.627,3445924.81,3585425.993,3724927.177,3864428.36,4003929.543,4143430.726,4282931.909,4422433.093,4561934.276,4701435.459,4840936.642,4980437.825
78,12119347.93,11807088.13,11494828.34,11182568.55,10870308.75,10558048.96,10245789.16,9933529.371,9621269.577,9309009.783,8996749.989,9310216.505,9623683.022,9937149.539,10250616.06,10564082.57,10877549.09,11191015.61,11504482.12,11817948.64,12131415.16,12904030.12,13676645.09,14449260.06,15221875.03,15994490,16767104.97,17539719.93,18312334.9,19084949.87,19857564.84,20630179.81,21402794.78,22175409.74,22948024.71,23720639.68,24493254.65,25265869.62,26038484.59,26811099.55,27583714.52
79,0,0,0,0,0,0,0,0,0,0,0,0,0,0,0,0,0,0,0,0,0,0,0,0,0,0,0,0,0,0,0,0,0,0,0,0,0,0,0,0,0
80,1.57728E+11,1.41956E+11,1.26183E+11,1.1041E+11,94637606184,78864942558,63092278932,47319615306,31546951680,15774288054,1624427.846,1461985.062,1299542.277,1137099.492,974656.7077,812213.9231,649771.1385,487328.3538,324885.5692,162442.7846,0,0,0,0,0,0,0,0,0,0,0,0,0,0,0,0,0,0,0,0,0
81,0,0,0,0,0,0,0,0,0,0,0,0,0,0,0,0,0,0,0,0,0,0,0,0,0,0,0,0,0,0,0,0,0,0,0,0,0,0,0,0,0
82,0,0,0,0,0,0,0,0,0,0,0,0,0,0,0,0,0,0,0,0,0,0,0,0,0,0,0,0,0,0,0,0,0,0,0,0,0,0,0,0,0
83,0,0,0,0,0,0,0,0,0,0,0,0,0,0,0,0,0,0,0,0,0,0,0,0,0,0,0,0,0,0,0,0,0,0,0,0,0,0,0,0,0
84,0,0,0,0,0,0,0,0,0,0,0,0,0,0,0,0,0,0,0,0,0,0,0,0,0,0,0,0,0,0,0,0,0,0,0,0,0,0,0,0,0
85,2188235.337,1969411.803,1750588.27,1531764.736,1312941.202,1094117.668,875294.1348,656470.6011,437647.0674,218823.5337,0,0,0,0,0,0,0,0,0,0,0,0,0,0,0,0,0,0,0,0,0,0,0,0,0,0,0,0,0,0,0
86,0,0,0,0,0,0,0,0,0,0,0,0,0,0,0,0,0,0,0,0,0,0,0,0,0,0,0,0,0,0,0,0,0,0,0,0,0,0,0,0,0
87,0,0,0,0,0,0,0,0,0,0,0,0,0,0,0,0,0,0,0,0,0,0,0,0,0,0,0,0,0,0,0,0,0,0,0,0,0,0,0,0,0
88,0,0,0,0,0,0,0,0,0,0,0,0,0,0,0,0,0,0,0,0,0,0,0,0,0,0,0,0,0,0,0,0,0,0,0,0,0,0,0,0,0
89,0,0,0,0,0,0,0,0,0,0,0,0,0,0,0,0,0,0,0,0,0,0,0,0,0,0,0,0,0,0,0,0,0,0,0,0,0,0,0,0,0
90,0,0,0,0,0,0,0,0,0,0,0,0,0,0,0,0,0,0,0,0,0,0,0,0,0,0,0,0,0,0,0,0,0,0,0,0,0,0,0,0,0
91,0,0,0,0,0,0,0,0,0,0,0,109520.7081,219041.4162,328562.1242,438082.8323,547603.5404,657124.2485,766644.9565,876165.6646,985686.3727,1095207.081,1164957.672,1234708.264,1304458.856,1374209.447,1443960.039,1513710.63,1583461.222,1653211.814,1722962.405,1792712.997,1862463.588,1932214.18,2001964.772,2071715.363,2141465.955,2211216.546,2280967.138,2350717.729,2420468.321,2490218.913
92,0,0,0,0,0,0,0,0,0,0,0,10525687374,21051374749,31577062123,42102749497,52628436872,63154124246,73679811620,84205498995,94731186369,1.05257E+11,1.1196E+11,1.18664E+11,1.25367E+11,1.32071E+11,1.38774E+11,1.45478E+11,1.52181E+11,1.58885E+11,1.65588E+11,1.72292E+11,1.78995E+11,1.85699E+11,1.92402E+11,1.99106E+11,2.05809E+11,2.12513E+11,2.19217E+11,2.2592E+11,2.32624E+11,2.39327E+11
93,0,0,0,0,0,0,0,0,0,0,0,187058.062,374116.1241,561174.1861,748232.2481,935290.3102,1122348.372,1309406.434,1496464.496,1683522.558,1870580.62,1989712.524,2108844.429,2227976.333,2347108.237,2466240.141,2585372.045,2704503.949,2823635.853,2942767.757,3061899.661,3181031.565,3300163.469,3419295.373,3538427.278,3657559.182,3776691.086,3895822.99,4014954.894,4134086.798,4253218.702
94,0,81221.39231,162442.7846,243664.1769,324885.5692,406106.9615,487328.3538,568549.7462,649771.1385,730992.5308,812213.9231,730992.5308,649771.1385,568549.7462,487328.3538,406106.9615,324885.5692,243664.1769,162442.7846,81221.39231,0,0,0,0,0,0,0,0,0,0,0,0,0,0,0,0,0,0,0,0,0
95,0,7805930022,15611860045,23417790067,31223720089,39029650111,46835580134,54641510156,62447440178,70253370200,78059300223,70253370200,62447440178,54641510156,46835580134,39029650111,31223720089,23417790067,15611860045,7805930022,0,0,0,0,0,0,0,0,0,0,0,0,0,0,0,0,0,0,0,0,0
96,0,138723.6853,277447.3705,416171.0558,554894.7411,693618.4264,832342.1116,971065.7969,1109789.482,1248513.167,1387236.853,1248513.167,1109789.482,971065.7969,832342.1116,693618.4264,554894.7411,416171.0558,277447.3705,138723.6853,0,0,0,0,0,0,0,0,0,0,0,0,0,0,0,0,0,0,0,0,0
97,0,0,0,0,0,0,0,0,0,0,0,0,0,0,0,0,0,0,0,0,0,0,0,0,0,0,0,0,0,0,0,0,0,0,0,0,0,0,0,0,0
98,0,0,0,0,0,0,0,0,0,0,0,0,0,0,0,0,0,0,0,0,0,0,0,0,0,0,0,0,0,0,0,0,0,0,0,0,0,0,0,0,0
99,1094117.669,984705.9024,875294.1355,765882.3685,656470.6016,547058.8347,437647.0677,328235.3008,218823.5339,109411.7669,0,0,0,0,0,0,0,0,0,0,0,0,0,0,0,0,0,0,0,0,0,0,0,0,0,0,0,0,0,0,0
100,1.05152E+11,94636956413,84121739034,73606521654,63091304275,52576086896,42060869517,31545652138,21030434758,10515217379,0,0,0,0,0,0,0,0,0,0,0,0,0,0,0,0,0,0,0,0,0,0,0,0,0,0,0,0,0,0,0
150,17611000096,17157106988,16703213880,16249320771,15795427663,15341534555,14887641447,14433748339,13979855230,13525962122,13072069014,13527528590,13982988166,14438447743,14893907319,15349366895,15804826472,16260286048,16715745624,17171205201,17626664777,18749256402,19871848026,20994439651,22117031275,23239622900,24362214524,25484806149,26607397774,27729989398,28852581023,29975172647,31097764272,32220355897,33342947521,34465539146,35588130770,36710722395,37833314019,38955905644,40078497269
200,1.68687E+11,1.64341E+11,1.59994E+11,1.55648E+11,1.51302E+11,1.46956E+11,1.42609E+11,1.38263E+11,1.33917E+11,1.2957E+11,1.25224E+11,1.29587E+11,1.3395E+11,1.38313E+11,1.42676E+11,1.4704E+11,1.51403E+11,1.55766E+11,1.60129E+11,1.64492E+11,1.68855E+11,1.79609E+11,1.90363E+11,2.01117E+11,2.1187E+11,2.22624E+11,2.33378E+11,2.44132E+11,2.54886E+11,2.6564E+11,2.76394E+11,2.87148E+11,2.97902E+11,3.08655E+11,3.19409E+11,3.30163E+11,3.40917E+11,3.51671E+11,3.62425E+11,3.73179E+11,3.83933E+11
250,8.28883E+11,8.07526E+11,7.8617E+11,7.64813E+11,7.43457E+11,7.221E+11,7.00744E+11,6.79387E+11,6.58031E+11,6.36674E+11,6.15318E+11,6.36757E+11,6.58196E+11,6.79635E+11,7.01074E+11,7.22513E+11,7.43952E+11,7.65391E+11,7.8683E+11,8.08269E+11,8.29708E+11,8.8255E+11,9.35391E+11,9.88233E+11,1.04107E+12,1.09392E+12,1.14676E+12,1.1996E+12,1.25244E+12,1.30528E+12,1.35813E+12,1.41097E+12,1.46381E+12,1.51665E+12,1.56949E+12,1.62233E+12,1.67518E+12,1.72802E+12,1.78086E+12,1.8337E+12,1.88654E+12
300,0,0,0,0,0,0,0,0,0,0,0,0,0,0,0,0,0,0,0,0,0,0,0,0,0,0,0,0,0,0,0,0,0,0,0,0,0,0,0,0,0
350,82857808680,80722944460,78588080240,76453216020,74318351800,72183487580,70048623360,67913759140,65778894920,63644030700,61509166480,55358249832,49207333184,43056416536,36905499888,30754583240,24603666592,18452749944,12301833296,6150916648,0,0,0,0,0,0,0,0,0,0,0,0,0,0,0,0,0,0,0,0,0
400,421532807.5,410671847.9,399810888.4,388949928.8,378088969.3,367228009.8,356367050.2,345506090.7,334645131.1,323784171.6,312923212,323846185.8,334769159.7,345692133.5,356615107.3,367538081.2,378461055,389384028.8,400307002.7,411229976.5,422152950.3,449038658.6,475924366.8,502810075,529695783.3,556581491.5,583467199.7,610352908,637238616.2,664124324.4,691010032.7,717895740.9,744781449.1,771667157.4,798552865.6,825438573.8,852324282.1,879209990.3,906095698.5,932981406.8,959867115
450,0,0,0,0,0,0,0,0,0,0,0,0,0,0,0,0,0,0,0,0,0,0,0,0,0,0,0,0,0,0,0,0,0,0,0,0,0,0,0,0,0
500,243695.2151,237416.3114,231137.4077,224858.504,218579.6003,212300.6966,206021.7929,199742.8892,193463.9855,187185.0817,180906.178,187209.3463,193512.5146,199815.6828,206118.8511,212422.0194,218725.1876,225028.3559,231331.5242,237634.6924,243937.8607,259473.562,275009.2633,290544.9647,306080.666,321616.3673,337152.0686,352687.77,368223.4713,383759.1726,399294.8739,414830.5752,430366.2766,445901.9779,461437.6792,476973.3805,492509.0819,508044.7832,523580.4845,539116.1858,554651.8872
550,4.55989E+11,4.44241E+11,4.32492E+11,4.20743E+11,4.08994E+11,3.97246E+11,3.85497E+11,3.73748E+11,3.61999E+11,3.50251E+11,3.38502E+11,3.50296E+11,3.6209E+11,3.73884E+11,3.85679E+11,3.97473E+11,4.09267E+11,4.21061E+11,4.32855E+11,4.44649E+11,4.56443E+11,4.85513E+11,5.14583E+11,5.43652E+11,5.72722E+11,6.01791E+11,6.30861E+11,6.5993E+11,6.89E+11,7.1807E+11,7.47139E+11,7.76209E+11,8.05278E+11,8.34348E+11,8.63417E+11,8.92487E+11,9.21557E+11,9.50626E+11,9.79696E+11,1.00877E+12,1.03783E+12
600,0,0,0,0,0,0,0,0,0,0,0,0,0,0,0,0,0,0,0,0,0,0,0,0,0,0,0,0,0,0,0,0,0,0,0,0,0,0,0,0,0
650,75998239110,74835467154,73672695197,72509923241,71347151284,70184379328,69021607371,67858835415,66696063458,65533291502,64370519545,66613329733,68856139921,71098950109,73341760297,75584570484,77827380672,80070190860,82313001048,84555811235,86798621423,92326576182,97854530941,1.03382E+11,1.0891E+11,1.14438E+11,1.19966E+11,1.25494E+11,1.31022E+11,1.3655E+11,1.42078E+11,1.47606E+11,1.53134E+11,1.58662E+11,1.6419E+11,1.69718E+11,1.75246E+11,1.80774E+11,1.86302E+11,1.9183E+11,1.97358E+11
700,0,0,0,0,0,0,0,0,0,0,0,0,0,0,0,0,0,0,0,0,0,0,0,0,0,0,0,0,0,0,0,0,0,0,0,0,0,0,0,0,0
750,2.08716E+11,2.03339E+11,1.97961E+11,1.92583E+11,1.87206E+11,1.81828E+11,1.7645E+11,1.71073E+11,1.65695E+11,1.60317E+11,1.5494E+11,1.60338E+11,1.65736E+11,1.71135E+11,1.76533E+11,1.81932E+11,1.8733E+11,1.92729E+11,1.98127E+11,2.03526E+11,2.08924E+11,2.2223E+11,2.35536E+11,2.48841E+11,2.62147E+11,2.75453E+11,2.88759E+11,3.02064E+11,3.1537E+11,3.28676E+11,3.41982E+11,3.55287E+11,3.68593E+11,3.81899E+11,3.95205E+11,4.08511E+11,4.21816E+11,4.35122E+11,4.48428E+11,4.61734E+11,4.75039E+11
800,266964.7117,530502881.4,1060738798,1590974715,2121210631,2651446548,3181682465,3711918381,4242154298,4772390215,5302626131,5487381265,5672136398,5856891531,6041646664,6226401797,6411156930,6595912063,6780667197,6965422330,7150177463,7605551718,8060925972,8516300227,8971674481,9427048736,9882422991,10337797245,10793171500,11248545754,11703920009,12159294264,12614668518,13070042773,13525417028,13980791282,14436165537,14891539791,15346914046,15802288301,16257662555
850,7142798153,6428518338,5714238522,4999958707,4285678892,3571399076,2857119261,2142839446,1428559631,714279815.3,0,0,0,0,0,0,0,0,0,0,0,0,0,0,0,0,0,0,0,0,0,0,0,0,0,0,0,0,0,0,0
900,133482.3558,130043.1301,126603.9044,123164.6787,119725.453,116286.2272,112847.0015,109407.7758,105968.5501,102529.3243,99090.09863,102542.615,105995.1314,109447.6477,112900.1641,116352.6804,119805.1968,123257.7132,126710.2295,130162.7459,133615.2623,142124.8343,150634.4064,159143.9785,167653.5506,176163.1226,184672.6947,193182.2668,201691.8389,210201.4109,218710.983,227220.5551,235730.1272,244239.6992,252749.2713,261258.8434,269768.4155,278277.9875,286787.5596,295297.1317,303806.7038
950,1190449217,1159776822,1129104427,1098432032,1067759637,1037087242,1006414847,975742451.5,945070056.5,914397661.5,883725266.4,914516194.4,945307122.4,976098050.4,1006888978,1037679906,1068470834,1099261762,1130052690,1160843618,1191634546,1267526326,1343418106,1419309885,1495201665,1571093445,1646985225,1722877004,1798768784,1874660564,1950552344,2026444123,2102335903,2178227683,2254119463,2330011242,2405903022,2481794802,2557686582,2633578362,2709470141
1000,0,0,0,0,0,0,0,0,0,0,0,0,0,0,0,0,0,0,0,0,0,0,0,0,0,0,0,0,0,0,0,0,0,0,0,0,0,0,0,0,0
1500,0,0,0,0,0,0,0,0,0,0,0,0,0,0,0,0,0,0,0,0,0,0,0,0,0,0,0,0,0,0,0,0,0,0,0,0,0,0,0,0,0
2000,1.80692E+11,1.76036E+11,1.7138E+11,1.66725E+11,1.62069E+11,1.57414E+11,1.52758E+11,1.48102E+11,1.43447E+11,1.38791E+11,1.34136E+11,1.38809E+11,1.43483E+11,1.48156E+11,1.5283E+11,1.57504E+11,1.62177E+11,1.66851E+11,1.71524E+11,1.76198E+11,1.80871E+11,1.92391E+11,2.0391E+11,2.15429E+11,2.26948E+11,2.38467E+11,2.49986E+11,2.61506E+11,2.73025E+11,2.84544E+11,2.96063E+11,3.07582E+11,3.19102E+11,3.30621E+11,3.4214E+11,3.53659E+11,3.65178E+11,3.76697E+11,3.88217E+11,3.99736E+11,4.11255E+11
3000,77962676076,75953936884,73945197692,71936458500,69927719308,67918980116,65910240925,63901501733,61892762541,59884023349,57875284157,59891786088,61908288018,63924789949,65941291879,67957793809,69974295740,71990797670,74007299601,76023801531,78040303462,83010466119,87980628776,92950791433,97920954091,1.02891E+11,1.07861E+11,1.12831E+11,1.17802E+11,1.22772E+11,1.27742E+11,1.32712E+11,1.37682E+11,1.42652E+11,1.47623E+11,1.52593E+11,1.57563E+11,1.62533E+11,1.67503E+11,1.72473E+11,1.77444E+11
5000,118506013,115452658.6,112399304.3,109345950,106292595.7,103239241.4,100185887.1,97132532.81,94079178.51,91025824.2,87972469.89,91037623.84,94102777.78,97167931.72,100233085.7,103298239.6,106363393.5,109428547.5,112493701.4,115558855.4,118624009.3,126178831.6,133733653.8,141288476.1,148843298.3,156398120.6,163952942.8,171507765.1,179062587.3,186617409.6,194172231.9,201727054.1,209281876.4,216836698.6,224391520.9,231946343.1,239501165.4,247055987.6,254610809.9,262165632.1,269720454.4
10000,12244691457,11929202137,11613712818,11298223498,10982734179,10667244859,10351755540,10036266220,9720776901,9405287581,9089798262,9406506784,9723215307,10039923830,10356632352,10673340875,10990049398,11306757920,11623466443,11940174965,12256883488,13037489174,13818094860,14598700546,15379306231,16159911917,16940517603,17721123289,18501728975,19282334661,20062940346,20843546032,21624151718,22404757404,23185363090,23965968776,24746574461,25527180147,26307785833,27088391519,27868997205
100000,3955463924,3853549831,3751635739,3649721646,3547807553,3445893460,3343979367,3242065274,3140151182,3038237089,2936322996,3038630934,3140938872,3243246810,3345554748,3447862686,3550170625,3652478563,3754786501,3857094439,3959402377,4211565336,4463728295,4715891254,4968054213,5220217172,5472380131,5724543090,5976706049,6228869008,6481031967,6733194926,6985357885,7237520844,7489683803,7741846762,7994009720,8246172679,8498335638,8750498597,9002661556
1000000,2.16069E+11,2.10502E+11,2.04935E+11,1.99367E+11,1.938E+11,1.88233E+11,1.82666E+11,1.77099E+11,1.71532E+11,1.65965E+11,1.60398E+11,1.65986E+11,1.71575E+11,1.77164E+11,1.82752E+11,1.88341E+11,1.93929E+11,1.99518E+11,2.05107E+11,2.10695E+11,2.16284E+11,2.30058E+11,2.43833E+11,2.57607E+11,2.71382E+11,2.85156E+11,2.98931E+11,3.12705E+11,3.2648E+11,3.40254E+11,3.54029E+11,3.67803E+11,3.81578E+11,3.95352E+11,4.09127E+11,4.22901E+11,4.36676E+11,4.5045E+11,4.64225E+11,4.77999E+11,4.91774E+11
